,Player,Position,Age,Height,Weight,GP
0,A.J. Greer,L,26,75,208,73.4077558517456
1,Aaron Ekblad,D,27,76,215,72.17698574066162
2,Aatu Raty,C,20,74,190,66.9096565246582
3,Adam Beckman,L,22,74,182,61.266937255859375
4,Adam Boqvist,D,23,72,182,72.57965087890625
5,Adam Erne,L,28,73,212,71.87388324737549
6,Adam Fox,D,25,71,182,76.53565645217896
7,Adam Ginning,D,23,75,188,41.863277435302734
8,Adam Henrique,C,33,72,195,69.27527499198914
9,Adam Larsson,D,30,75,209,73.34266543388367
10,Adam Lowry,C,30,78,208,77.0556628704071
11,Adam Pelech,D,29,75,210,79.76334921518962
12,Adam Raska,R,22,70,178,66.88211822509766
13,Adam Ruzicka,C,24,76,215,65.91005516052246
14,Adrian Kempe,"C, R",27,74,200,80.14210087060928
15,Aidan McDonough,L,23,75,190,55.77716827392578
16,Akito Hirose,D,24,72,170,43.660282135009766
17,Alec Martinez,D,36,73,210,77.11253121495247
18,Alec Regula,D,23,76,208,43.52676010131836
19,Aleksander Barkov,C,28,75,215,73.58676505088806
20,Aleksi Heponiemi,C,24,70,155,70.4157600402832
21,Alex Barré-Boulet,C,26,70,180,57.092262268066406
22,Alex Belzile,R,32,72,196,47.123775482177734
23,Alex Chiasson,R,33,76,208,36.00104522705078
24,Alex DeBrincat,R,25,68,178,80.92259550094604
25,Alex Galchenyuk,C,29,73,194,44.5435791015625
26,Alex Goligoski,D,38,71,173,54.803643226623535
27,Alex Iafallo,L,29,72,200,75.38463240861893
28,Alex Killorn,L,34,73,194,80.74195778369904
29,Alex Newhook,C,22,70,190,82.71441411972046
30,Alex Nylander,L,25,73,192,53.5626106262207
31,Alex Ovechkin,L,38,75,238,72.90847891569138
32,Alex Pietrangelo,D,33,75,215,78.35884284973145
33,Alex Steeves,C,23,72,196,56.493804931640625
34,Alex Tuch,R,27,76,219,74.96025800704956
35,Alex Turcotte,C,22,71,185,63.57398223876953
36,Alex Vlasic,D,22,78,199,48.68143081665039
37,Alex Wennberg,C,29,74,190,81.24432750542958
38,Alexander Alexeyev,D,23,76,213,63.23438262939453
39,Alexander Barabanov,L,29,70,195,75.18468952178955
40,Alexander Edler,D,37,76,210,68.40775489807129
41,Alexander Holtz,R,21,72,195,67.28704452514648
42,Alexander Kerfoot,C,29,71,186,80.50496571697295
43,Alexander Romanov,D,23,73,215,77.26338517665863
44,Alexandre Carrier,D,26,71,174,67.02708435058594
45,Alexey Toropchenko,R,24,78,222,80.63870239257812
46,Alexis Lafrenière,L,21,73,195,82.58165244261424
47,Aliaksei Protas,C,22,78,225,77.04732322692871
48,Anders Bjork,L,27,72,190,52.47138595581055
49,Anders Lee,L,33,75,235,79.55576276779175
50,Andre Burakovsky,L,28,75,209,61.49827861785889
51,Andreas Athanasiou,C,29,74,190,83.48779273033142
52,Andreas Englund,D,27,75,189,68.5870475769043
53,Andreas Johnsson,L,28,70,195,52.33800506591797
54,Andrei Kuzmenko,L,27,71,194,84.36072111129761
55,Andrei Svechnikov,R,23,74,195,76.51670384407043
56,Andrew Agozzino,L,32,70,187,43.548912048339844
57,Andrew Cogliano,C,36,70,179,77.14329636096954
58,Andrew Copp,C,29,73,199,78.02973687648773
59,Andrew Mangiapane,L,27,70,184,81.37573634833097
60,Andrew Peeke,D,25,75,210,82.18808782100677
61,Andy Andreoff,C,32,73,208,32.31196594238281
62,Anthony Beauvillier,L,26,71,180,77.36118447780609
63,Anthony Cirelli,C,26,72,189,73.88847231864929
64,Anthony Duclair,L,28,71,197,52.02011489868164
65,Anthony Mantha,R,29,77,234,72.95493221282959
66,Anthony Richard,C,26,71,183,57.955650329589844
67,Anton Blidh,L,28,73,197,47.698341369628906
68,Anton Levtchi,L,27,72,185,50.31538009643555
69,Anton Lundell,C,21,73,185,80.19354248046875
70,Anton Stralman,D,37,71,193,28.28536033630371
71,Anze Kopitar,C,36,75,225,80.93826216459274
72,Arber Xhekaj,D,22,76,238,72.1395263671875
73,Arnaud Durandeau,L,24,72,185,57.41719055175781
74,Artem Zub,D,27,74,200,70.13648804028828
75,Artemi Panarin,L,31,72,173,75.18339335918427
76,Arthur Kaliyev,R,22,74,210,76.13479423522949
77,Artturi Lehkonen,L,28,71,179,73.6497712135315
78,Austin Czarnik,C,30,69,170,61.68859100341797
79,Austin Strand,D,26,75,215,39.54665756225586
80,Austin Wagner,L,26,73,195,49.97780990600586
81,Austin Watson,L,31,76,204,76.56296634674072
82,Auston Matthews,C,26,75,208,76.70220452547073
83,Axel Jonsson-Fjallby,L,25,73,189,70.93863868713379
84,Barclay Goodrow,C,30,74,204,80.07698559761047
85,Barrett Hayton,C,23,73,207,79.64242362976074
86,Beck Malenstyn,L,25,75,200,50.81827926635742
87,Ben Chiarot,D,32,75,232,77.19875431060791
88,Ben Harpur,D,28,78,231,61.95521926879883
89,Ben Hutton,D,30,75,201,54.037343978881836
90,Ben Meyers,C,24,71,194,69.7322769165039
91,Benoit-Olivier Groulx,C,23,74,200,53.644798278808594
92,Billy Sweezey,D,27,73,206,40.059715270996094
93,Blake Coleman,C,31,71,199,80.00250750198029
94,Blake Lizotte,C,25,69,170,74.84704566001892
95,Blake Wheeler,R,37,77,220,72.64077764749527
96,Bo Horvat,C,28,72,215,78.73892694711685
97,Bobby McMann,C,27,74,208,46.168678283691406
98,Bokondji Imama,L,27,73,221,43.2300910949707
99,Boone Jenner,C,30,74,203,69.87861275672913
100,Boris Katchouk,L,25,74,206,71.78323554992676
101,Bowen Byram,D,22,73,190,70.99193954467773
102,Brad Hunt,D,35,69,177,55.720163345336914
103,Brad Malone,C,34,74,217,29.903074264526367
104,Brad Marchand,L,35,69,176,75.32216846942902
105,Braden Schneider,D,22,75,208,84.65990495681763
106,Brady Skjei,D,29,75,210,78.7903043627739
107,Brady Tkachuk,L,24,76,221,80.469881772995
108,Brandon Carlo,D,26,78,218,78.35050618648529
109,Brandon Duhaime,R,26,74,200,74.75070762634277
110,Brandon Hagel,L,25,74,179,79.74544509251912
111,Brandon Montour,D,29,72,194,70.28584408760071
112,Brandon Saad,L,30,73,215,73.56661105155945
113,Brandon Tanev,L,31,72,189,83.57425880432129
114,Brandt Clarke,D,20,74,185,50.04436111450195
115,Brayden McNabb,D,32,76,215,77.60551357269287
116,Brayden Pachal,D,24,74,203,45.18917465209961
117,Brayden Point,C,27,71,180,78.44404816627502
118,Brayden Schenn,C,32,73,199,77.73530143499374
119,Brendan Gallagher,R,31,69,186,58.50865173339844
120,Brendan Gaunce,C,29,75,219,37.09474563598633
121,Brendan Lemieux,L,27,73,215,60.96175479888916
122,Brendan Smith,D,34,74,200,67.2139196395874
123,Brenden Dillon,D,32,76,224,79.7266970872879
124,Brent Burns,D,38,77,230,80.6296935081482
125,Brett Howden,C,25,74,203,71.0952262878418
126,Brett Kulak,D,29,73,197,70.12493085861206
127,Brett Leason,R,24,77,218,72.10368347167969
128,Brett Pesce,D,28,75,206,72.76775169372559
129,Brett Ritchie,R,30,76,215,58.3843994140625
130,Brett Seney,L,27,69,156,64.57580184936523
131,Brian Dumoulin,D,32,76,207,78.08543078104655
132,Brock Boeser,R,26,73,208,75.92795300483704
133,Brock Faber,D,21,73,200,41.8528938293457
134,Brock McGinn,L,29,72,187,71.11161017417908
135,Brock Nelson,C,31,76,210,78.57546982169151
136,Bryan Rust,R,31,71,192,75.16027331352234
137,Buddy Robinson,R,32,78,232,28.786039352416992
138,Byron Froese,C,32,73,202,35.5999698638916
139,CJ Suess,L,29,71,190,46.201168060302734
140,Cal Clutterbuck,R,35,72,212,55.65272378921509
141,Cal Foote,D,24,77,224,55.50757988293966
142,Cale Fleury,D,24,73,204,45.57765579223633
143,Cale Makar,D,24,71,187,66.22713768482208
144,Caleb Jones,D,26,73,194,63.1031848192215
145,Calen Addison,D,23,71,173,79.2507209777832
146,Callahan Burke,C,26,70,183,56.61112594604492
147,Calle Jarnkrok,C,32,72,192,72.9072208404541
148,Calle Rosen,D,29,73,188,65.7642936706543
149,Calvin de Haan,D,32,73,195,68.09120591481528
150,Cam Fowler,D,31,74,215,76.05538558959961
151,Cam York,D,22,71,175,77.52971649169922
152,Carl Grundstrom,R,25,72,195,71.54270044962564
153,Carson Meyer,R,26,71,184,57.986087799072266
154,Carson Soucy,D,29,77,208,68.12002098560333
155,Carter Verhaeghe,C,28,74,180,74.92659044265747
156,Casey Cizikas,C,32,71,190,76.68247437477112
157,Casey Fitzgerald,D,26,71,188,53.91019821166992
158,Casey Mittelstadt,C,24,73,195,87.59117889404297
159,Chad Ruhwedel,D,33,71,191,58.234933853149414
160,Chandler Stephenson,C,29,72,209,78.41994649171829
161,Charles Hudon,L,29,70,190,50.29476547241211
162,Charlie Coyle,C,31,75,223,79.1792568564415
163,Charlie McAvoy,D,25,73,209,76.11991965770721
164,Chris Kreider,L,32,75,230,76.67516546696424
165,Chris Tanev,D,33,74,193,72.06820058822632
166,Chris Tierney,C,29,73,191,54.8608512878418
167,Chris Wagner,R,32,72,192,37.36570739746094
168,Chris Wideman,D,33,70,181,57.74203681945801
169,Christian Dvorak,C,27,73,193,73.5996253490448
170,Christian Fischer,R,26,74,212,73.52738332748413
171,Christian Wolanin,D,28,74,190,46.24199104309082
172,Claude Giroux,R,35,71,190,78.30238735675812
173,Clayton Keller,R,25,70,178,79.86195886135101
174,Cody Ceci,D,29,74,210,73.90841865539551
175,Cody Glass,C,24,75,206,82.31829833984375
176,Cole Bardreau,C,30,72,186,43.243995666503906
177,Cole Caufield,R,22,67,174,80.00027847290039
178,Cole Guttman,C,24,69,167,70.29507064819336
179,Cole Koepke,L,25,73,196,56.16941833496094
180,Cole McWard,D,22,73,192,43.54464340209961
181,Cole Perfetti,C,21,71,184,78.18745613098145
182,Cole Sillinger,C,20,73,201,78.61374521255493
183,Cole Smith,L,27,75,195,78.53344440460205
184,Colin Blackwell,C,30,69,190,70.43898169199625
185,Colin Miller,D,30,73,200,80.65719556808472
186,Colin White,C,26,73,194,78.99528503417969
187,Colton Parayko,D,30,78,228,81.00631141662598
188,Colton Sissons,C,29,73,200,78.01937651634216
189,Colton White,D,26,73,187,68.3426742553711
190,Connor Brown,R,29,72,181,47.55802536010742
191,Connor Carrick,D,29,70,198,29.80051612854004
192,Connor Clifton,D,28,71,190,70.55974539120992
193,Connor Dewar,C,24,70,183,87.58425712585449
194,Connor Mackey,D,27,74,197,56.75284194946289
195,Connor McDavid,C,26,73,193,80.0806892812252
196,Connor McMichael,C,22,72,180,63.62147521972656
197,Connor Murphy,D,30,76,212,70.67166411876678
198,Conor Garland,R,27,70,165,77.96603798866272
199,Conor Sheary,L,31,69,179,77.53682947158813
200,Conor Timmins,D,25,74,202,56.48487091064453
201,Corey Perry,R,38,75,208,76.86038291454315
202,Corey Schueneman,D,28,71,197,36.24666213989258
203,Craig Smith,C,34,72,204,74.55945748835802
204,Curtis Lazar,C,28,72,203,62.262736320495605
205,Dakota Joshua,C,27,75,206,82.84325790405273
206,Dakota Mermis,D,29,72,195,32.72063636779785
207,Damien Giroux,C,23,70,179,63.877437591552734
208,Damon Severson,D,29,74,205,79.14654350280762
209,Dan Renouf,D,29,73,198,32.761701583862305
210,Daniel Sprong,R,26,72,202,72.76628621419272
211,Daniil Miromanov,D,26,76,200,48.15769577026367
212,Danil Gushchin,L,21,68,165,75.29647064208984
213,Dante Fabbro,D,25,72,189,73.63520240783691
214,Danton Heinen,L,28,73,188,72.65897631645203
215,Darnell Nurse,D,28,76,221,78.97076058387756
216,Darren Helm,C,36,72,192,35.728437423706055
217,Darren Raddysh,D,27,73,200,46.28206443786621
218,David Gust,R,29,70,177,52.188880920410156
219,David Gustafsson,C,23,74,212,69.96863746643066
220,David Jiricek,D,19,76,199,48.43123245239258
221,David Kampf,C,28,74,197,80.6967105269432
222,David Krejci,C,37,72,192,73.67762899398804
223,David Pastrnak,R,27,73,195,77.1828470826149
224,David Perron,L,35,73,196,77.88671177625656
225,David Savard,D,32,73,235,77.6492977142334
226,Dawson Mercer,C,21,72,180,84.14575576782227
227,Denis Gurianov,R,26,75,205,75.32165169715881
228,Denis Malgin,C,26,69,182,78.5342788696289
229,Dennis Cholowski,D,25,74,210,37.8310661315918
230,Dennis Gilbert,D,26,74,216,51.38788414001465
231,Derek Forbort,D,31,76,208,78.32399717966716
232,Derek Grant,C,33,75,210,53.296401023864746
233,Derek Ryan,C,36,70,185,74.67601662874222
234,Derek Stepan,C,33,71,196,72.65463304519653
235,Derick Brassard,C,36,73,200,67.01059293746948
236,Derrick Pouliot,D,29,72,196,36.9693660736084
237,Devin Shore,C,29,73,206,58.49429225921631
238,Devon Toews,D,29,73,191,75.5598342269659
239,Dillon Dube,C,25,71,185,76.84662628173828
240,Dillon Heatherington,D,28,76,215,36.96342086791992
241,Dmitri Samorukov,D,24,75,188,41.52213668823242
242,Dmitry Kulikov,D,32,73,201,66.53627371788025
243,Dmitry Orlov,D,32,71,214,76.73800897598267
244,Dominic Toninato,C,29,74,191,41.76894760131836
245,Dominik Kubalik,L,28,74,190,79.14676457643509
246,Dougie Hamilton,D,30,78,230,67.5141224861145
247,Drake Batherson,R,25,75,200,87.66505527496338
248,Drake Caggiula,C,29,70,176,52.44467544555664
249,Drew Doughty,D,33,73,210,80.90612123906612
250,Drew Helleson,D,22,75,190,44.220401763916016
251,Drew O'Connor,L,25,75,200,66.70608139038086
252,Dryden Hunt,L,27,72,193,60.785871505737305
253,Dylan Coghlan,D,25,74,208,48.812068939208984
254,Dylan Cozens,C,22,75,195,78.48530276616414
255,Dylan DeMelo,D,30,72,195,70.72625350952148
256,Dylan Gambrell,C,27,71,185,68.99951505661011
257,Dylan Guenther,R,20,74,175,75.96687698364258
258,Dylan Holloway,L,22,73,203,75.97213363647461
259,Dylan Larkin,C,27,73,198,75.64600419998169
260,Dylan McIlrath,D,31,77,232,35.569122314453125
261,Dylan Samberg,D,24,76,219,75.90540981292725
262,Dylan Strome,C,26,75,200,73.27567195892334
263,Dysin Mayo,D,27,74,183,47.103572845458984
264,Eeli Tolvanen,R,24,70,191,74.6444075902303
265,Eetu Luostarinen,C,25,75,190,78.05985418955485
266,Egor Afanasyev,L,22,76,211,58.791015625
267,Egor Sokolov,L,23,75,222,50.98151397705078
268,Egor Zamula,D,23,75,177,52.05059814453125
269,Elias Lindholm,C,28,73,202,80.80583828687668
270,Elias Pettersson,C,24,74,176,82.77076077461243
271,Elliot Desnoyers,L,21,71,183,66.11441421508789
272,Elmer Soderblom,L,22,80,246,53.56705093383789
273,Emil Bemstrom,R,24,72,195,75.3654613494873
274,Eric Robinson,L,28,74,205,73.94594812393188
275,Eric Staal,C,38,76,195,74.68525743484497
276,Erik Brannstrom,D,24,70,185,64.39044404029846
277,Erik Cernak,D,26,76,224,74.69338321685791
278,Erik Gudbranson,D,31,77,222,67.04941791296005
279,Erik Gustafsson,D,31,72,197,65.85251080989838
280,Erik Haula,L,32,71,191,75.61334013938904
281,Erik Johnson,D,35,76,225,71.85566878318787
282,Erik Karlsson,D,33,72,190,67.02709531784058
283,Esa Lindell,D,29,75,220,78.29836404323578
284,Ethan Bear,D,26,71,197,74.60058212280273
285,Evan Bouchard,D,23,75,194,82.44540792703629
286,Evan Rodrigues,C,30,71,184,70.7538743019104
287,Evander Kane,L,32,74,210,50.414814949035645
288,Evgeni Malkin,C,37,75,195,82.35219958424568
289,Evgenii Dadonov,R,34,71,189,77.32820528745651
290,Evgeny Kuznetsov,C,31,74,207,75.32832992076874
291,Evgeny Svechnikov,L,26,75,208,75.11049461364746
292,Fabian Zetterlund,L,24,71,220,78.86849975585938
293,Filip Chytil,C,24,74,204,72.40913724899292
294,Filip Forsberg,L,29,73,205,67.0018663406372
295,Filip Hallander,C,23,73,190,55.938438415527344
296,Filip Hronek,D,25,72,190,74.34761887788773
297,Filip Kral,D,23,74,198,40.85086441040039
298,Filip Roos,D,24,76,190,53.190914154052734
299,Filip Zadina,R,23,72,190,68.14989852905273
300,Frank Vatrano,R,29,71,197,79.13833403587341
301,Frederic Allard,D,25,73,179,39.87587356567383
302,Frederick Gaudreau,C,30,72,184,80.9849967956543
303,Fredrik Karlstrom,C,25,75,200,49.23960876464844
304,Fredrik Olofsson,L,27,74,190,55.750131607055664
305,Gabriel Carlsson,D,26,77,195,43.738887786865234
306,Gabriel Fortier,L,23,70,177,64.38900756835938
307,Gabriel Vilardi,"C, R",24,75,215,78.1541519165039
308,Garnet Hathaway,R,31,75,208,79.30004251003265
309,Gavin Bayreuther,D,29,73,196,65.6768913269043
310,Givani Smith,R,25,74,214,60.605581283569336
311,Glenn Gawdin,C,26,73,191,49.43947982788086
312,Grigori Denisenko,L,23,71,186,65.15013122558594
313,Guillaume Brisebois,D,26,74,175,50.2778434753418
314,Gustav Forsling,D,27,72,186,76.65294043223064
315,Gustav Lindstrom,D,24,74,186,65.55855751037598
316,Gustav Nyquist,"C, L",34,71,180,74.38771963119507
317,Gustav Olofsson,D,28,74,199,36.18098068237305
318,Hampus Lindholm,D,29,76,215,76.85511016845703
319,Hayden Hodgson,R,27,74,208,42.616668701171875
320,Haydn Fleury,D,27,76,208,56.961626052856445
321,Henri Jokiharju,D,24,72,200,75.04216289520264
322,Henrik Borgstrom,C,26,75,199,45.41704177856445
323,Henry Thrun,D,22,74,190,46.84669494628906
324,Hudson Fasching,R,28,75,204,61.770769119262695
325,Hugh McGing,L,25,68,176,63.89958572387695
326,Hunter McKown,C,21,73,205,62.46885299682617
327,Ian Cole,D,34,73,225,74.40514945983887
328,Ian Mitchell,D,24,71,193,61.66970443725586
329,Ilya Lyubushkin,D,29,74,200,64.64958548545837
330,Ilya Mikheyev,R,28,74,192,61.285826683044434
331,Isaak Phillips,D,22,75,205,52.50828170776367
332,Isac Lundestrom,C,23,72,193,75.78292655944824
333,Ivan Barbashev,C,27,73,195,76.15786457061768
334,Ivan Provorov,D,26,73,201,78.57379865646362
335,J.J. Moser,D,23,73,173,88.40432739257812
336,J.T. Compher,L,28,72,190,76.42660367488861
337,J.T. Miller,C,30,73,218,79.2024941444397
338,JJ Peterka,R,21,72,189,83.92334413528442
339,Jaccob Slavin,D,29,75,207,77.61198525130749
340,Jack Drury,C,23,71,174,74.66643905639648
341,Jack Eichel,C,26,74,207,78.22978782653809
342,Jack Hughes,C,22,71,175,85.59750509262085
343,Jack Johnson,D,36,73,227,80.16271591186523
344,Jack McBain,C,23,75,201,86.94447612762451
345,Jack Quinn,R,22,73,185,83.85871887207031
346,Jack Rathbone,D,24,70,177,44.23263931274414
347,Jack Roslovic,C,26,73,200,77.65184833854437
348,Jack Studnicka,C,24,73,187,72.73018264770508
349,Jackson Cates,C,26,72,190,52.071571350097656
350,Jackson LaCombe,D,22,73,171,42.970645904541016
351,Jacob Bernard-Docker,D,23,72,190,51.78592300415039
352,Jacob Bryson,D,25,69,176,67.65148719151816
353,Jacob Larsson,D,26,74,193,41.64036178588867
354,Jacob Lucchini,C,28,72,180,51.993797302246094
355,Jacob MacDonald,D,30,72,204,67.70945167541504
356,Jacob Moverare,D,25,75,210,38.81962585449219
357,Jacob Peterson,C,24,73,180,59.1819953918457
358,Jacob Trouba,D,29,75,203,80.18247270584106
359,Jaden Schwartz,C,31,70,185,76.70805597305298
360,Jake Bean,D,25,73,196,46.54892349243164
361,Jake Christiansen,D,24,72,193,54.1598014831543
362,Jake DeBrusk,L,26,72,197,72.38767266273499
363,Jake Evans,C,27,72,186,73.07736460367839
364,Jake Guentzel,L,28,71,180,79.82268122831981
365,Jake Leschyshyn,C,24,71,195,67.93161010742188
366,Jake Livingstone,D,24,75,205,42.41935729980469
367,Jake McCabe,D,29,73,204,76.7253565788269
368,Jake Middleton,D,27,75,219,81.51133728027344
369,Jake Muzzin,D,34,75,227,30.038372039794922
370,Jake Neighbours,L,21,72,201,75.10388946533203
371,Jake Sanderson,D,21,75,195,84.76622152328491
372,Jake Walman,D,27,74,215,58.328927516937256
373,Jakob Chychrun,D,25,74,220,67.10122680664062
374,Jakob Pelletier,L,22,69,170,76.92621612548828
375,Jakob Silfverberg,R,32,73,207,72.77496933937073
376,Jakub Lauko,C,23,72,196,64.24263381958008
377,Jakub Voracek,R,34,74,216,30.515748977661133
378,Jakub Vrana,L,27,72,190,56.19211769104004
379,Jakub Zboril,D,26,73,201,50.89438819885254
380,Jalen Chatfield,D,27,73,188,82.24646282196045
381,James Hamblin,L,24,69,176,66.84813690185547
382,James van Riemsdyk,L,34,75,208,75.28696349263191
383,Jamie Benn,L,34,74,205,79.54418247938156
384,Jamie Drysdale,D,21,71,183,45.54004669189453
385,Jamie Oleksiak,D,30,79,257,80.09687113761902
386,Jan Jenik,R,23,73,185,57.21736526489258
387,Jan Rutta,D,33,75,204,65.52737474441528
388,Jani Hakanpaa,D,31,78,225,81.69035363073151
389,Jansen Harkins,C,26,73,182,57.685699462890625
390,Jared McCann,L,27,73,191,75.08215403556824
391,Jared Spurgeon,D,33,69,166,69.86816215515137
392,Jaret Anderson-Dolan,C,24,71,200,71.78774452209473
393,Jarred Tinordi,D,31,78,229,59.61000919342041
394,Jason Demers,D,35,73,195,26.985931396484375
395,Jason Dickinson,C,28,74,200,75.05823636054993
396,Jason Robertson,L,24,75,200,79.75713555018108
397,Jason Zucker,L,31,71,192,80.70229244232178
398,Jaycob Megna,D,30,78,220,67.25424003601074
399,Jayson Megna,C,33,73,195,62.48068332672119
400,Jean-Gabriel Pageau,C,30,71,185,76.86191439628601
401,Jean-Luc Foudy,C,21,71,177,69.01466369628906
402,Jean-Sebastien Dea,C,29,71,174,51.15237808227539
403,Jeff Carter,C,38,75,219,76.53128987550735
404,Jeff Petry,D,35,75,209,77.83494806289673
405,Jeff Skinner,L,31,71,197,77.84923279285431
406,Jeffrey Viel,L,26,74,205,46.5963020324707
407,Jeremy Davies,D,26,71,180,35.3945198059082
408,Jeremy Lauzon,D,26,73,204,66.86764462788899
409,Jesper Boqvist,C,24,72,180,76.36445426940918
410,Jesper Bratt,L,25,70,175,76.80169773101807
411,Jesper Fast,R,31,73,191,76.96145528554916
412,Jesper Froden,R,29,70,179,54.53948974609375
413,Jesperi Kotkaniemi,C,23,74,201,80.42005983988444
414,Jesse Puljujarvi,R,25,76,201,77.26670058568318
415,Jesse Ylonen,R,23,73,188,70.49094772338867
416,Jimmy Vesey,L,30,75,202,75.92700588703156
417,Joe Pavelski,C,39,71,200,80.66441172361374
418,Joe Snively,C,27,69,176,60.89119338989258
419,Joe Veleno,C,23,73,203,80.82598924636841
420,Joel Armia,R,30,75,216,53.58810901641846
421,Joel Edmundson,D,30,77,221,71.27360725402832
422,Joel Eriksson Ek,C,26,75,207,78.21997225284576
423,Joel Farabee,L,23,72,183,76.00780487060547
424,Joel Hanley,D,32,71,190,46.088714599609375
425,Joel Kiviranta,L,27,71,185,74.51344871520996
426,Joel Teasdale,L,24,72,212,51.25492477416992
427,Joey Anderson,R,25,72,207,64.15174293518066
428,John Carlson,D,33,75,215,54.015788078308105
429,John Hayden,C,28,75,223,39.71736526489258
430,John Klingberg,D,31,75,190,69.53896486759186
431,John Leonard,L,25,71,196,54.80339813232422
432,John Marino,D,26,73,181,66.60611009597778
433,John Tavares,C,33,73,216,78.69716536253691
434,Johnathan Kovacevic,D,26,76,208,81.56931638717651
435,Johnny Gaudreau,L,30,69,165,80.5855593085289
436,Jon Merrill,D,31,75,204,65.2174391746521
437,Jonah Gadjovich,L,24,74,209,63.362810134887695
438,Jonas Brodin,D,30,74,196,76.83139705657959
439,Jonas Rondbjerg,R,24,74,203,55.189659118652344
440,Jonas Siegenthaler,D,26,74,218,76.24300980567932
441,Jonatan Berggren,R,23,71,197,79.99548721313477
442,Jonathan Drouin,L,28,71,198,69.21069431304932
443,Jonathan Gruden,C,23,72,172,62.632633209228516
444,Jonathan Huberdeau,C,30,73,200,79.44467556476593
445,Jonathan Marchessault,"C, R",32,69,183,78.10049456357956
446,Jonathan Toews,C,35,74,201,70.25310516357422
447,Jonny Brodzinski,C,30,72,212,42.87574577331543
448,Joona Koppanen,L,25,77,216,45.396080017089844
449,Joona Luoto,L,26,75,210,46.27096176147461
450,Jordan Eberle,R,33,71,190,78.75795567035675
451,Jordan Greenway,L,26,78,231,73.78230929374695
452,Jordan Gross,D,28,70,190,41.67361831665039
453,Jordan Harris,D,23,71,189,78.60051918029785
454,Jordan Kyrou,C,25,73,196,80.18850247065227
455,Jordan Martinook,L,31,72,196,70.83719682693481
456,Jordan Oesterle,D,31,72,187,64.56807136535645
457,Jordan Spence,D,22,70,180,42.33491897583008
458,Jordan Staal,C,35,76,220,78.27849417924881
459,Jordie Benn,D,36,74,201,34.21669578552246
460,Joseph Cramarossa,C,30,73,190,41.2756462097168
461,Josh Anderson,R,29,75,218,74.9101603825887
462,Josh Archibald,R,30,70,176,72.3857650756836
463,Josh Bailey,R,33,73,200,74.55642369389534
464,Josh Brown,D,29,77,220,61.53566110134125
465,Josh Dunne,C,24,76,211,50.47261047363281
466,Josh Leivo,L,30,74,192,60.59840774536133
467,Josh Mahura,D,25,72,185,85.51923179626465
468,Josh Manson,D,31,75,218,48.7560920715332
469,Josh Morrissey,D,28,72,185,74.6540002822876
470,Josh Norris,C,24,74,195,54.31614685058594
471,Jujhar Khaira,L,29,76,212,60.72774887084961
472,Julien Gauthier,R,25,76,224,71.75856494903564
473,Juraj Slafkovsky,L,19,75,238,70.54060173034668
474,Justin Barron,D,21,74,201,69.70724105834961
475,Justin Braun,D,36,74,205,73.52786493301392
476,Justin Danforth,R,30,69,190,49.06351852416992
477,Justin Faulk,D,31,72,214,77.1556031703949
478,Justin Holl,D,31,75,197,76.43531328439713
479,Justin Kirkland,C,27,75,183,47.60336685180664
480,Justin Richards,C,25,71,190,55.193233489990234
481,Justin Schultz,D,33,74,190,62.073089599609375
482,Juuso Parssinen,C,22,75,212,71.29331970214844
483,Juuso Valimaki,D,24,74,205,82.40049886703491
484,K'Andre Miller,D,23,77,215,78.59580965836842
485,Kaapo Kakko,R,22,74,206,86.25289297103882
486,Kaedan Korczak,D,22,75,202,48.3883056640625
487,Kaiden Guhle,D,21,74,205,72.57682800292969
488,Kailer Yamamoto,R,25,68,153,79.10706106821696
489,Kale Clague,D,25,72,190,60.15776443481445
490,Karson Kuhlman,C,28,70,184,65.69688987731934
491,Kasperi Kapanen,R,27,73,194,72.87750113010406
492,Keegan Kolesar,R,26,74,217,76.44109884897868
493,Kent Johnson,C,20,72,175,85.46343946456909
494,Kevin Bahl,D,23,78,230,68.92375946044922
495,Kevin Fiala,L,27,70,204,76.80448722839355
496,Kevin Gravel,D,31,76,205,48.419952392578125
497,Kevin Hayes,C,31,77,216,82.335444688797
498,Kevin Labanc,R,27,71,185,79.5750617980957
499,Kevin Rooney,C,30,74,190,44.23310852050781
500,Kevin Shattenkirk,D,34,72,212,77.15475821495056
501,Kevin Stenlund,C,27,77,215,66.26343822479248
502,Kiefer Sherwood,L,28,72,194,56.10519218444824
503,Kieffer Bellows,L,25,73,195,60.807899475097656
504,Kirby Dach,C,22,76,212,75.13232612609863
505,Kirill Kaprizov,L,26,70,202,80.04346084594727
506,Kirill Marchenko,R,23,75,197,78.39029884338379
507,Klim Kostin,C,24,75,215,74.30873107910156
508,Kris Letang,D,36,72,201,72.61461865901947
509,Kristian Reichel,C,25,72,168,59.016639709472656
510,Kurtis MacDermid,D,29,77,233,60.82171440124512
511,Kyle Burroughs,D,28,72,193,65.08576393127441
512,Kyle Capobianco,D,26,74,201,46.101226806640625
513,Kyle Clifford,L,32,74,217,29.911083221435547
514,Kyle Connor,L,26,74,179,80.58329260349274
515,Kyle Criscuolo,C,31,69,175,49.68701171875
516,Kyle Okposo,R,35,72,218,70.37401628494263
517,Kyle Palmieri,C,32,71,198,70.86053204536438
518,Lane Pederson,C,26,72,192,59.210609436035156
519,Lars Eller,C,34,74,205,75.02267310023308
520,Lassi Thomson,D,23,72,190,39.468265533447266
521,Laurent Dauphin,C,28,72,186,53.28386306762695
522,Lawrence Pilut,D,27,71,194,44.791107177734375
523,Lawson Crouse,L,26,76,215,75.7250452041626
524,Leon Draisaitl,C,27,74,208,80.49270325899124
525,Liam Foudy,C,23,74,188,79.70424842834473
526,Liam O'Brien,C,29,73,213,64.95195865631104
527,Lias Andersson,C,24,73,185,54.75468444824219
528,Libor Hajek,D,25,74,209,48.01338577270508
529,Logan Brown,C,25,78,218,55.42929267883301
530,Logan Couture,C,34,73,206,76.72403717041016
531,Logan O'Connor,R,27,72,175,82.95860683917999
532,Logan Stanley,D,25,79,242,52.21303939819336
533,Lucas Carlsson,D,26,72,189,36.352970123291016
534,Lucas Condotta,C,26,73,223,43.75967025756836
535,Lucas Johansen,D,25,74,176,40.365604400634766
536,Lucas Raymond,L,21,71,176,82.17072534561157
537,Lukas Reichel,L,21,72,170,73.31060409545898
538,Lukas Rousek,R,24,71,171,62.229610443115234
539,Lukas Sedlak,C,30,72,205,48.774898529052734
540,Luke Evangelista,R,21,72,183,71.12826156616211
541,Luke Glendening,C,34,71,190,76.92359375953674
542,Luke Hughes,D,20,74,184,45.05781173706055
543,Luke Kunin,C,25,72,197,62.64646339416504
544,Luke Philp,C,27,70,181,55.23245620727539
545,Luke Schenn,D,33,74,225,70.31627337137857
546,Mac Hollowell,D,25,69,170,39.13693618774414
547,MacKenzie Entwistle,R,24,75,184,75.7073860168457
548,MacKenzie Weegar,D,29,72,206,70.27870559692383
549,Marc McLaughlin,C,24,72,203,52.4926872253418
550,Marc Staal,D,36,76,208,71.33986234664917
551,Marc-Edouard Vlasic,D,36,73,205,74.96031856536865
552,Marco Kasper,C,19,73,183,65.4430923461914
553,Marco Rossi,C,22,69,182,72.28669357299805
554,Marco Scandella,D,33,75,212,42.72684097290039
555,Marcus Bjork,D,25,76,211,61.738868713378906
556,Marcus Foligno,L,32,75,226,70.19402146339417
557,Marcus Johansson,L,32,73,203,71.38716578483582
558,Marcus Pettersson,D,27,75,177,74.1307805776596
559,Marian Studenic,"L, R",24,73,190,54.048187255859375
560,Mario Ferraro,D,25,72,209,74.4118423461914
561,Mark Borowiecki,D,34,74,204,30.35830307006836
562,Mark Friedman,D,27,71,185,50.10396957397461
563,Mark Giordano,D,39,72,205,71.69378900527954
564,Mark Jankowski,C,29,76,212,60.07044696807861
565,Mark Kastelic,C,24,75,233,77.86319255828857
566,Mark Scheifele,C,30,75,198,78.38999474048615
567,Mark Stone,R,31,75,217,52.30070495605469
568,Markus Niemelainen,D,25,78,190,58.40690994262695
569,Martin Fehervary,D,23,74,199,74.26491189002991
570,Martin Kaut,R,23,74,190,68.93078994750977
571,Martin Necas,C,24,74,189,79.3219119310379
572,Mason Appleton,C,27,75,197,60.18179512023926
573,Mason Marchment,L,28,76,210,73.60721588134766
574,Mason McTavish,C,20,72,213,83.91916036605835
575,Mason Shaw,C,24,70,184,79.29858016967773
576,Matej Blumel,R,23,72,200,56.86652374267578
577,Mathew Barzal,C,26,73,190,74.49835538864136
578,Mathieu Joseph,R,26,73,187,75.80262041091919
579,Mathieu Olivier,R,26,73,217,77.00211906433105
580,Matias Maccelli,L,22,71,176,81.08728981018066
581,Mats Zuccarello,R,36,68,181,73.0655950307846
582,Matt Boldy,L,22,74,201,85.96413278579712
583,Matt Coronato,R,20,70,183,68.81310272216797
584,Matt Duchene,C,32,71,195,76.63220119476318
585,Matt Dumba,D,29,72,181,74.9537787437439
586,Matt Grzelcyk,D,29,70,176,75.60613775253296
587,Matt Irwin,D,35,74,200,67.19690895080566
588,Matt Kiersted,D,25,72,181,51.2128791809082
589,Matt Luff,R,26,74,196,53.75360870361328
590,Matt Martin,L,34,75,220,76.07573103904724
591,Matt Nieto,L,30,71,187,78.93890404701233
592,Matt Roy,D,28,73,205,77.52883195877075
593,Matthew Benning,D,29,73,203,63.013920068740845
594,Matthew Highmore,C,27,71,188,51.35188293457031
595,Matthew Kessel,D,23,74,205,40.33002853393555
596,Matthew Knies,L,20,74,210,59.590023040771484
597,Matthew Phillips,C,25,67,140,75.19792175292969
598,Matthew Tkachuk,L,25,74,201,80.24926626682281
599,Mattias Ekholm,D,33,76,215,76.86215233802795
600,Mattias Janmark,C,30,73,205,73.9553474187851
601,Mattias Samuelsson,D,23,76,231,73.60952186584473
602,Matty Beniers,C,20,74,178,85.95289611816406
603,Max Comtois,L,24,74,210,74.61282761891682
604,Max Domi,C,28,70,194,78.73090752959251
605,Max Jones,L,25,75,216,80.52527618408203
606,Max Pacioretty,L,34,74,217,27.510530471801758
607,Max Willman,C,28,72,184,50.39822006225586
608,Maxence Guenette,D,22,73,181,41.46633529663086
609,Maxime Lajoie,D,25,73,196,38.6055793762207
610,Michael Amadio,"C, R",27,73,204,73.3077163696289
611,Michael Bunting,L,28,72,192,81.85775864124298
612,Michael Carcone,L,27,69,170,61.567256927490234
613,Michael Eyssimont,C,27,72,180,69.86895942687988
614,Michael Kesselring,D,23,76,190,48.4771614074707
615,Michael McCarron,R,28,78,232,49.26802635192871
616,Michael McLeod,C,25,74,190,79.93619553248088
617,Michael Pezzetta,L,25,73,210,70.61493301391602
618,Michael Rasmussen,C,24,78,211,71.83825604120891
619,Michael Stone,D,33,75,210,59.50241184234619
620,Mika Zibanejad,C,30,74,202,79.11858367919922
621,Mikael Backlund,C,34,72,206,80.49892866611481
622,Mikael Granlund,C,31,70,185,77.82409703731537
623,Mikael Pyyhtia,L,21,72,166,68.14653015136719
624,Mike Hardman,L,24,74,205,52.941368103027344
625,Mike Hoffman,L,33,72,190,73.5735872387886
626,Mike Matheson,D,29,74,193,64.98564720153809
627,Mike Reilly,D,30,73,196,38.33751678466797
628,Mikey Anderson,D,24,72,195,71.99104464054108
629,Mikhail Maltsev,L,25,75,198,49.514984130859375
630,Mikhail Sergachev,D,25,73,217,78.80133140087128
631,Mikko Rantanen,R,26,76,215,78.85963122049968
632,Milan Lucic,L,35,75,240,79.4162272810936
633,Miles Wood,L,28,74,195,80.60541248321533
634,Milos Kelemen,L,24,74,210,54.62199401855469
635,Miro Heiskanen,D,24,73,195,75.53072381019592
636,Mitchell Marner,R,26,72,181,77.57034063339233
637,Morgan Barron,C,24,76,220,80.75668525695801
638,Morgan Frost,C,24,71,170,80.07433891296387
639,Morgan Geekie,C,25,75,200,72.53769699732463
640,Morgan Rielly,D,29,73,222,69.12158536911011
641,Moritz Seider,D,22,76,204,83.0059859752655
642,Nate Schmidt,D,32,72,195,71.50743699073792
643,Nathan Bastian,R,25,76,205,64.2336368560791
644,Nathan Beaulieu,D,30,74,200,64.9914379119873
645,Nathan MacKinnon,C,28,72,200,73.62393772602081
646,Nathan Smith,C,24,72,177,59.46346664428711
647,Nathan Walker,L,29,69,187,69.4381456375122
648,Nazem Kadri,C,32,72,185,76.77057456970215
649,Neal Pionk,D,28,72,185,77.85114431381226
650,Nic Dowd,C,33,73,193,72.42268061637878
651,Nic Petan,C,28,69,175,58.3980827331543
652,Nicholas Paul,L,28,75,223,81.0548437833786
653,Nicholas Robertson,L,22,69,183,70.79569244384766
654,Nick Abruzzese,C,24,71,183,59.160194396972656
655,Nick Bjugstad,C,31,78,209,71.98836692174275
656,Nick Blankenburg,D,25,69,177,60.91901397705078
657,Nick Bonino,C,35,73,195,75.2387163285166
658,Nick Cicek,D,23,75,201,51.73614501953125
659,Nick Cousins,C,30,71,192,75.63536334037781
660,Nick DeSimone,D,28,74,185,37.946327209472656
661,Nick Foligno,L,35,72,210,70.31021308898926
662,Nick Holden,D,36,76,210,72.20906972885132
663,Nick Jensen,D,33,73,205,75.91490244865417
664,Nick Leddy,D,32,72,205,73.46264863014221
665,Nick Perbix,D,25,74,191,79.39706134796143
666,Nick Ritchie,L,27,75,236,72.58373355865479
667,Nick Schmaltz,C,27,72,181,73.17832589149475
668,Nick Seeler,D,30,74,201,79.73409676551819
669,Nick Suzuki,C,24,71,208,82.45283627510071
670,Nick Swaney,R,26,70,178,57.60383987426758
671,Nicklas Backstrom,C,35,73,202,47.20950222015381
672,Nico Hischier,C,24,73,175,82.62841653823853
673,Nico Sturm,C,28,75,209,76.4333078066508
674,Nicolas Aube-Kubel,R,27,72,207,74.36801783243816
675,Nicolas Deslauriers,L,32,73,220,77.12074613571167
676,Nicolas Hague,D,24,78,230,73.94961468378703
677,Nicolas Roy,C,26,76,202,75.82949304580688
678,Nikita Alexandrov,C,23,73,177,68.31275177001953
679,Nikita Kucherov,R,30,71,181,84.04881238937378
680,Nikita Nesterenko,C,22,74,183,61.129215240478516
681,Nikita Okhotiuk,D,22,73,195,46.938514709472656
682,Nikita Soshnikov,R,29,71,190,46.77360916137695
683,Nikita Zadorov,D,28,78,248,77.6577487140894
684,Nikita Zaitsev,D,31,74,192,61.291852951049805
685,Niko Mikkola,D,27,76,209,68.80367112159729
686,Nikolai Knyzhov,D,26,75,222,44.03919982910156
687,Nikolaj Ehlers,L,27,72,169,67.4975757598877
688,Nils Aman,C,23,74,179,81.93970966339111
689,Nils Hoglander,L,22,69,185,73.41468811035156
690,Nils Lundkvist,D,23,71,190,76.89341926574707
691,Nino Niederreiter,R,31,74,218,78.0945246219635
692,Noah Cates,L,24,73,165,89.22477149963379
693,Noah Dobson,D,23,76,194,77.25826978683472
694,Noah Gregor,C,25,72,190,72.51129341125488
695,Noah Hanifin,D,26,75,207,79.65830147266388
696,Noah Juulsen,D,26,74,201,44.6572151184082
697,Noel Acciari,C,31,70,209,79.43747925758362
698,Nolan Foote,L,22,75,196,57.333858489990234
699,Oliver Bjorkstrand,R,28,72,175,78.30261731147766
700,Oliver Ekman-Larsson,D,32,74,200,73.37236595153809
701,Oliver Wahlstrom,R,23,74,204,66.53664588928223
702,Olle Lycksell,R,24,70,163,67.79704666137695
703,Olli Maatta,D,29,74,207,74.05819988250732
704,Ondrej Kase,R,27,72,187,49.51759338378906
705,Ondrej Palat,L,32,72,194,58.308234214782715
706,Oskar Lindblom,L,27,73,191,78.15862321853638
707,Oskar Olausson,R,20,73,180,64.40095520019531
708,Oskar Steen,C,25,70,193,56.51594924926758
709,Oskar Sundqvist,C,29,75,220,72.85433387756348
710,Otto Koivula,L,25,77,225,45.34278869628906
711,Owen Beck,C,19,71,190,67.11742401123047
712,Owen Power,D,20,78,218,84.98269462585449
713,Owen Tippett,R,24,73,207,76.00951941808064
714,Parker Kelly,L,24,72,190,76.0723648071289
715,Parker Wotherspoon,D,26,73,190,44.48617935180664
716,Pat Maroon,L,35,75,234,78.41366612911224
717,Patric Hornqvist,R,36,71,189,42.377920150756836
718,Patrice Bergeron,C,38,73,196,76.40303456783295
719,Patrick Brown,C,31,73,210,68.20683240890503
720,Patrick Kane,R,34,70,177,77.4900518655777
721,Patrik Laine,L,25,77,205,69.30667018890381
722,Patrik Nemeth,D,31,76,230,75.64125204086304
723,Paul Cotter,C,23,74,212,75.1705265045166
724,Paul Stastny,C,37,72,193,76.7894130051136
725,Pavel Buchnevich,L,28,73,196,74.86764550209045
726,Pavel Dorofeyev,L,22,73,194,63.98863983154297
727,Pavel Zacha,C,26,76,199,77.32588791847229
728,Pavol Regenda,L,23,76,212,55.086334228515625
729,Peyton Krebs,C,22,72,187,78.43399620056152
730,Phil Kessel,"C, R",35,71,208,81.45001912117004
731,Philip Broberg,D,22,75,199,73.8208236694336
732,Philip Tomasino,C,22,72,179,72.4798469543457
733,Philipp Kurashev,C,23,72,190,78.50439151128133
734,Philippe Myers,D,26,78,219,46.52107620239258
735,Phillip Danault,C,30,73,200,79.43171030282974
736,Phillip Di Giuseppe,L,29,72,193,52.951555252075195
737,Pierre Engvall,L,27,77,219,73.47187566757202
738,Pierre-Edouard Bellemare,L,38,71,198,77.11242705583572
739,Pierre-Luc Dubois,L,25,76,214,76.2493747472763
740,Pierre-Olivier Joseph,D,24,74,185,83.25953578948975
741,Pius Suter,C,27,71,179,80.72067338228226
742,Pontus Holmberg,R,24,72,202,66.90900993347168
743,Quinn Hughes,D,23,70,180,74.61925411224365
744,Quinton Byfield,C,21,77,220,75.75750160217285
745,Radek Faksa,C,29,75,225,78.21628242731094
746,Radim Simek,D,31,72,204,57.15346336364746
747,Radim Zohorna,L,27,78,220,41.81354331970215
748,Radko Gudas,D,33,72,208,74.38514339923859
749,Rafael Harvey-Pinard,L,24,69,181,73.05353164672852
750,Rasmus Andersson,D,26,73,202,79.23035097122192
751,Rasmus Asplund,C,25,71,185,71.44326400756836
752,Rasmus Dahlin,D,23,75,202,73.86848974227905
753,Rasmus Kupari,C,23,74,200,75.36180305480957
754,Rasmus Ristolainen,D,28,76,221,76.89350318908691
755,Rasmus Sandin,D,23,71,182,61.8496989607811
756,Reese Johnson,C,25,73,193,73.66471099853516
757,Reilly Smith,R,32,73,185,74.81284201145172
758,Rem Pitlick,C,26,71,186,68.83669090270996
759,Rickard Rakell,R,30,73,195,77.00449287891388
760,Ridly Greig,C,21,72,183,69.4261245727539
761,Riley Sheahan,C,31,74,214,32.65368461608887
762,Riley Stillman,D,25,73,196,51.87906211614609
763,Riley Tufte,L,25,78,230,41.860111236572266
764,Robby Fabbri,C,27,71,185,59.71058654785156
765,Robert Bortuzzo,D,34,76,216,55.69356727600098
766,Robert Hagg,D,28,74,210,58.74012756347656
767,Robert Thomas,C,24,72,218,78.09417963027954
768,Robin Salo,D,24,74,190,46.87797927856445
769,Roland McKeown,D,27,73,195,38.71836471557617
770,Roman Josi,D,33,73,201,76.7051944732666
771,Ronnie Attard,D,24,75,208,40.03190231323242
772,Roope Hintz,C,26,75,215,74.24127316474915
773,Ross Colton,C,27,72,194,81.66109597682953
774,Ross Johnston,L,29,77,230,38.75455665588379
775,Rourke Chartier,C,27,71,190,51.98518371582031
776,Rudolfs Balcers,L,26,71,182,59.3563117980957
777,Ryan Carpenter,C,32,73,198,41.67754554748535
778,Ryan Donato,C,27,72,190,74.86520886421204
779,Ryan Graves,D,28,77,220,78.70721885561943
780,Ryan Hartman,R,29,72,197,74.83265572786331
781,Ryan Johansen,C,31,75,218,71.50517535209656
782,Ryan Lindgren,D,25,72,190,69.554567694664
783,Ryan Lomberg,L,29,69,187,75.77061223983765
784,Ryan McDonagh,D,34,73,215,66.9455109834671
785,Ryan McLeod,C,24,74,207,74.69897270202637
786,Ryan Murray,D,30,73,206,39.68074035644531
787,Ryan Nugent-Hopkins,C,30,72,195,76.09974086284637
788,Ryan O'Reilly,C,32,73,207,74.11970078200102
789,Ryan Poehling,C,24,74,196,69.57085990905762
790,Ryan Pulock,D,28,74,216,76.72451496124268
791,Ryan Reaves,R,36,74,225,69.93190988898277
792,Ryan Strome,C,30,73,191,79.2758640050888
793,Ryan Suter,D,38,73,205,77.69859313964844
794,Saku Maenalanen,R,29,76,214,71.10785341262817
795,Sam Bennett,C,27,73,195,71.15687131881714
796,Sam Carrick,C,31,72,200,68.54205131530762
797,Sam Gagner,C,34,71,201,56.29575443267822
798,Sam Lafferty,C,28,73,195,74.45673370361328
799,Sam Poulin,R,22,73,208,56.14395523071289
800,Sam Reinhart,C,27,74,193,79.33147197961807
801,Sam Steel,C,25,71,184,71.29861235618591
802,Sammy Blais,L,27,74,206,78.66625595092773
803,Sampo Ranta,L,23,74,195,55.910579681396484
804,Samuel Bolduc,D,22,76,220,53.10102844238281
805,Samuel Fagemo,L,23,72,200,58.0505256652832
806,Samuel Girard,D,25,70,170,74.87487971782684
807,Samuel Knazko,D,21,73,198,42.00083541870117
808,Samuel Walker,C,24,70,180,63.734920501708984
809,Scott Harrington,D,30,74,204,60.35564041137695
810,Scott Laughton,C,29,73,190,74.17533683776855
811,Scott Mayfield,D,30,77,220,76.82187533378601
812,Sean Durzi,D,24,72,195,69.02779018878937
813,Sean Farrell,C,21,69,175,72.14192962646484
814,Sean Kuraly,C,30,74,213,74.16411373764277
815,Sean Monahan,C,28,74,196,51.24697494506836
816,Sean Walker,D,28,71,195,76.52333498001099
817,Sebastian Aho,C,26,72,176,80.98077392578125
818,Semyon Der-Arguchintsev,C,23,70,188,61.575382232666016
819,Seth Jarvis,C,21,70,175,83.47823905944824
820,Seth Jones,D,28,76,213,72.59326350688934
821,Shane Bowers,C,24,74,186,52.79561996459961
822,Shane Pinto,C,22,75,201,86.5582685470581
823,Shane Wright,C,19,72,192,67.44915390014648
824,Shayne Gostisbehere,D,30,71,180,78.97928078969319
825,Shea Theodore,D,28,74,197,77.55456638336182
826,Sheldon Dries,C,29,69,180,74.15780735015869
827,Sheldon Rempal,R,28,70,165,56.576114654541016
828,Sidney Crosby,C,36,71,200,77.7539746761322
829,Simon Benoit,D,25,75,203,66.67573547363281
830,Simon Edvinsson,D,20,78,209,52.225528717041016
831,Simon Holmstrom,R,22,74,205,74.83344459533691
832,Sonny Milano,L,27,72,194,74.94009971618652
833,Spencer Stastney,D,23,72,184,44.27299118041992
834,Stanislav Svozil,D,20,72,183,43.16913986206055
835,Stefan Noesen,R,30,73,205,80.63755178451538
836,Steven Fogarty,C,30,75,204,35.590538024902344
837,Steven Lorentz,C,27,76,206,75.27860085169475
838,Steven Santini,D,28,74,209,36.15503692626953
839,Steven Stamkos,C,33,72,182,74.35599088668823
840,T.J. Oshie,R,36,72,187,64.35418844223022
841,TJ Brodie,D,33,74,187,74.20514204353094
842,Tage Thompson,"C, R",25,78,220,74.50457461675008
843,Tanner Jeannot,L,26,74,208,80.50003266334534
844,Tanner Laczynski,C,26,73,190,60.7385139465332
845,Tanner Pearson,L,31,73,201,39.99883842468262
846,Taro Hirose,L,27,70,162,60.09236526489258
847,Taylor Fedun,D,35,73,200,28.75389862060547
848,Taylor Hall,L,31,73,210,74.90192639827728
849,Taylor Raddysh,R,25,75,198,80.47339868545532
850,Teddy Blueger,C,29,72,185,70.37180662155151
851,Teuvo Teravainen,L,29,71,191,77.28040838241577
852,Thomas Bordeleau,C,21,70,175,70.96968078613281
853,Thomas Chabot,D,26,74,195,76.548264503479
854,Thomas Harley,D,22,75,205,45.27277374267578
855,Thomas Novak,C,26,73,179,70.63192367553711
856,Tim Berni,D,23,72,192,76.67610549926758
857,Tim Stützle,L,21,72,193,82.05656385421753
858,Timo Meier,R,26,73,220,78.90468996018171
859,Timothy Liljegren,D,24,73,192,65.06507575511932
860,Tobias Bjornfot,D,22,72,200,45.58436965942383
861,Tom Wilson,R,29,76,220,48.5703649520874
862,Tomas Hertl,C,29,75,215,76.50208806991577
863,Tomas Nosek,L,31,75,205,70.75215601921082
864,Tomas Tatar,L,32,70,173,77.27130085229874
865,Tony DeAngelo,D,27,71,180,68.01756858825684
866,Torey Krug,D,32,69,194,72.11138820648193
867,Travis Boyd,C,30,72,190,74.98857164382935
868,Travis Dermott,D,26,72,202,41.875078201293945
869,Travis Hamonic,D,33,73,200,77.298255443573
870,Travis Konecny,R,26,70,175,74.76305937767029
871,Travis Sanheim,D,27,75,181,77.89705038070679
872,Trent Frederic,C,25,75,214,74.30235735575359
873,Trevor Lewis,C,36,73,201,78.84469985961914
874,Trevor Moore,"C, L",28,70,195,78.69533014297485
875,Trevor Zegras,C,22,72,185,82.81611394882202
876,Trevor van Riemsdyk,D,32,75,191,74.79901707172394
877,Trey Fix-Wolansky,R,24,67,191,66.33287811279297
878,Tristen Robins,C,21,70,176,69.3365478515625
879,Troy Stecher,D,29,70,184,81.43775126338005
880,Troy Terry,R,26,72,185,72.93069553375244
881,Tucker Poolman,D,30,74,199,34.06845474243164
882,Ty Dellandrea,C,23,73,195,87.20497226715088
883,Ty Smith,D,23,71,180,44.39738082885742
884,Tyce Thompson,R,24,73,175,57.598751068115234
885,Tyler Angle,C,23,70,171,66.20993041992188
886,Tyler Benson,L,25,72,190,53.389373779296875
887,Tyler Bertuzzi,L,28,73,186,71.16942977905273
888,Tyler Johnson,C,33,68,185,68.58317375183105
889,Tyler Kleven,D,21,76,200,49.14287185668945
890,Tyler Motte,"C, L",28,70,192,71.07606315612793
891,Tyler Myers,D,33,80,229,80.11943193525076
892,Tyler Pitlick,C,31,74,200,68.35265731811523
893,Tyler Seguin,C,31,73,205,79.44140160083771
894,Tyler Toffoli,R,31,72,203,77.76834411919117
895,Tyler Tucker,D,23,73,204,56.77449417114258
896,Tyson Barrie,D,32,71,197,77.35228180885315
897,Tyson Foerster,R,21,74,194,61.60321807861328
898,Tyson Jost,C,25,71,187,78.51276183128357
899,Urho Vaakanainen,D,24,74,200,54.82505226135254
900,Valeri Nichushkin,R,28,76,210,71.24039244651794
901,Vasily Podkolzin,R,22,73,190,73.32814025878906
902,Victor Hedman,D,32,79,244,78.51480921171606
903,Victor Mete,D,25,69,187,41.30525779724121
904,Victor Olofsson,L,28,71,181,76.02793145179749
905,Victor Soderstrom,D,22,71,184,60.95150566101074
906,Viktor Arvidsson,"L, R",30,70,185,73.52386593818665
907,Ville Heinola,D,22,71,181,46.10688781738281
908,Vince Dunn,D,26,72,200,79.12136697769165
909,Vincent Desharnais,D,27,78,215,62.03861999511719
910,Vincent Iorio,D,20,76,200,46.58412551879883
911,Vincent Trocheck,C,30,71,184,77.48206889629364
912,Vinni Lettieri,C,28,70,184,51.716209411621094
913,Vinnie Hinostroza,C,29,70,183,56.99648094177246
914,Vitali Kravtsov,R,23,75,186,72.6204719543457
915,Vladimir Tarasenko,R,31,73,228,74.48611211776733
916,Vladislav Gavrikov,D,27,75,221,79.02361071109772
917,Vladislav Kolyachonok,D,22,73,193,41.3006477355957
918,Vladislav Namestnikov,C,30,72,179,76.91795915365219
919,Wade Allison,R,25,74,205,74.83556652069092
920,Walker Duehr,R,25,74,210,57.3387393951416
921,Warren Foegele,L,27,74,198,76.51715355552733
922,Wayne Simmonds,R,35,74,184,37.70725440979004
923,Will Borgen,D,26,75,204,84.19970655441284
924,Will Cuylle,L,21,75,211,56.8654899597168
925,William Bitten,C,25,71,180,58.32352066040039
926,William Carrier,L,28,74,218,71.770174741745
927,William Dufour,R,21,74,215,55.953529357910156
928,William Eklund,L,20,71,181,69.52741622924805
929,William Karlsson,C,30,72,190,77.69152319431305
930,William Lockwood,R,25,71,172,62.94575119018555
931,William Nylander,R,27,72,204,79.3880785703659
932,Wyatt Johnston,C,20,73,185,86.59088373184204
933,Wyatt Kaiser,D,21,72,173,48.02119064331055
934,Yakov Trenin,C,26,74,201,77.38925043741862
935,Yanni Gourde,C,31,69,174,79.07369154691696
936,Yegor Chinakhov,R,22,73,204,67.71176147460938
937,Yegor Sharangovich,C,25,74,196,79.52013842264812
938,Zac Dalpe,C,33,74,197,35.80209922790527
939,Zac Jones,D,22,70,178,50.05670166015625
940,Zach Aston-Reese,C,29,73,205,73.01946640014648
941,Zach Bogosian,D,33,74,222,57.01337814331055
942,Zach Hyman,L,31,73,211,73.65613746643066
943,Zach Parise,L,39,71,195,76.70939588546753
944,Zach Sanford,L,28,76,206,44.93893623352051
945,Zach Werenski,D,26,74,213,44.47475814819336
946,Zach Whitecloud,D,26,74,207,72.96658515930176
947,Zack Kassian,R,32,75,211,66.2680492401123
948,Zack MacEwen,C,27,75,205,74.48521614074707
949,Zemgus Girgensons,L,29,74,200,77.09710693359375
