,Player,Position,Age,Height,Weight,GP,EV ATOI,PP ATOI,PK ATOI
0,A.J. Greer,L,26.8,75,208,68.15319351462496,9.431587017319425,0.281960639813686,0.22660404068507256
1,Aaron Ekblad,D,27.6,76,215,65.05479626541451,18.26429770343243,3.292502536118012,2.7743396419651063
2,Aatu Raty,C,20.9,74,190,41.466697290539365,8.879028368183107,0.3749270135890732,0.0
3,Adam Beckman,L,22.4,74,182,41.501533125414,10.41075528365042,0.6903745155126484,0.01019664512392815
4,Adam Boqvist,D,23.1,72,182,56.33688867201498,16.446157314268312,3.0700990874569607,0.557882534273479
5,Adam Erne,L,28.4,73,212,70.23964367735509,12.42931294701488,0.4128427702905335,1.267479662098934
6,Adam Fox,D,25.6,71,182,76.11095112720281,19.35523291763076,3.4835628707046764,2.31826435382967
7,Adam Ginning,D,23.7,75,188,38.03937215922333,15.368410609160756,0.7008814315971461,1.0934921461798033
8,Adam Henrique,C,33.6,72,195,65.40090322847496,13.367216809870753,2.2051750329467183,1.8929490244126588
9,Adam Larsson,D,30.9,75,209,77.92054714178143,20.13926777580189,0.096070695499971,2.652021362542532
10,Adam Lowry,C,30.5,78,208,76.85523458084828,12.348514078985447,1.22305094631638,2.2148189238525124
11,Adam Pelech,D,29.1,75,210,72.06142889428426,19.264330261586583,0.1371615427684474,2.478552694702373
12,Adam Raska,R,22.0,70,178,38.390921094006586,10.280629498554369,0.5343405199908231,0.0
13,Adam Ruzicka,C,24.4,76,215,58.85123936122578,9.941322620656637,1.1196746117880474,0.05884623576569337
14,Adrian Kempe,"C, R",27.0,74,200,77.78633375994406,14.695244313963784,2.96990858387434,1.490544790918365
15,Aidan McDonough,L,23.9,75,190,42.31974359916877,11.14076065027596,0.7948568806845988,0.20957849091739433
16,Akito Hirose,D,24.5,72,170,41.46399682382295,15.472852491571608,0.8480707465033239,1.2154697823563472
17,Alec Martinez,D,36.2,73,210,75.501421406456,15.24485762158434,0.0,1.154415398383275
18,Alec Regula,D,23.2,76,208,38.63503095686436,14.712307562690876,0.8907997162335732,0.8643894502811222
19,Aleksander Barkov,C,28.1,75,215,70.9688572340466,15.469603387992562,3.962755680595672,1.9806204443684234
20,Aleksi Heponiemi,C,24.7,70,155,44.942333363397175,11.235916900934036,0.5842415379848616,0.24329177817974446
21,Alex Barr��-Boulet,C,26.4,70,180,42.65125525497213,11.049003363693789,1.2521407585346798,0.3091692080348283
22,Alex Belzile,R,32.1,72,196,56.84382103249008,9.856642021100877,0.1549616541359872,0.7051768736490306
23,Alex Chiasson,R,33.0,76,208,52.03890286463492,8.867093220145632,1.4561541312078372,0.0009051138603484166
24,Alex DeBrincat,R,25.8,68,178,76.94640668912936,15.980583477768487,4.035292754263049,0.3462154709355758
25,Alex Galchenyuk,C,29.6,73,194,48.39197185907911,11.395747329924124,0.765007283550498,0.1742166485091211
26,Alex Goligoski,D,38.2,71,173,64.69411736857757,16.020564220945634,0.3177523438635163,0.978314093510015
27,Alex Iafallo,L,29.8,72,200,72.25692443165539,13.622421887220735,1.9172961065452625,1.8002154752064656
28,Alex Killorn,L,34.0,73,194,77.2733818880492,13.133192706599576,2.139100963046046,1.708159393897762
29,Alex Newhook,C,22.7,70,190,72.44411346955519,12.962322600309976,1.5714636673578444,0.2878059387124774
30,Alex Nylander,L,25.6,73,192,45.36417006799541,11.197353478107166,1.1354890023583522,0.13967919162511155
31,Alex Ovechkin,L,38.0,75,238,69.25043601701023,14.867194256370349,4.139553125642875,0.0
32,Alex Pietrangelo,D,33.7,75,215,71.02179276891331,19.210983679634275,2.1749466982023167,2.171298735177007
33,Alex Steeves,C,23.8,72,196,40.94533104485036,10.95950606274442,0.7738669478295184,0.20085783253885126
34,Alex Tuch,R,27.4,76,219,70.48766699533864,14.877501509802752,3.1960485907295024,1.2824775471887628
35,Alex Turcotte,C,22.6,71,185,39.704156370614896,10.428740489944945,0.5824308833291287,0.05138957151036849
36,Alex Vlasic,D,22.3,78,199,38.32312265484775,14.24743672206918,0.4432768566031209,0.7300006495815852
37,Alex Wennberg,C,29.0,74,190,78.25532282242507,14.498637557936958,2.2214978873705973,2.203889014199738
38,Alexander Alexeyev,D,23.9,76,213,51.59863262308616,14.87939023158519,0.3602719464288111,1.0580753220994699
39,Alexander Barabanov,L,29.3,70,195,71.22605637494453,14.919415563772976,2.464061371615112,0.16507708445115754
40,Alexander Edler,D,37.4,76,210,63.03506969088558,14.000990164006954,0.0,1.443573988190333
41,Alexander Holtz,R,21.7,72,195,44.568503198259776,9.02313328451719,1.1662446718831485,0.0
42,Alexander Kerfoot,C,29.1,71,186,78.6185409675459,12.904914660647018,0.6535115173899089,1.5818872995850313
43,Alexander Romanov,D,23.7,73,215,74.18182913699616,18.183101519610727,0.3262604579759873,2.176432397324614
44,Alexandre Carrier,D,27.0,71,174,64.27592957361955,16.034415649358845,0.6634167961914934,2.244743203858416
45,Alexey Toropchenko,R,24.3,78,222,69.20733643422219,10.718285417105513,0.2359544237891535,0.943745273875122
46,Alexis Lafreni��re,L,22.0,73,195,75.34216572937811,14.676922803566924,1.607174168066528,0.3021255037333692
47,Aliaksei Protas,C,22.7,78,225,62.58300084569123,10.515032984295852,0.0667002612116522,0.05765896290004047
48,Anders Bjork,L,27.2,72,190,48.65166935698481,11.803399928749638,0.2474311672495357,0.7545554758486723
49,Anders Lee,L,33.2,75,235,76.28369383357341,13.512980960709768,2.627217413678052,0.081030255471226
50,Andre Burakovsky,L,28.6,75,209,69.62144430381346,14.284194682257338,2.4738383542477456,0.1447272039012235
51,Andreas Athanasiou,C,29.2,74,190,77.66705441891187,13.79359497049315,1.837619078371283,0.22585499675435727
52,Andreas Englund,D,27.7,75,189,61.23811687315192,12.51852097745942,0.0150222159311494,1.0136212833147789
53,Andreas Johnsson,L,28.9,70,195,49.02845480562607,12.959927680230953,1.089907698183531,0.244530234040239
54,Andrei Kuzmenko,L,27.7,71,194,77.06775887939557,13.201061669898053,2.916880215306243,0.20182513310259953
55,Andrei Svechnikov,R,23.5,74,195,71.92376875543594,15.71823710825502,3.2356852474099087,0.27696295872472676
56,Andrew Agozzino,L,32.7,70,187,45.38394471737553,8.767941499262578,0.2773381928674701,0.15725352550990623
57,Andrew Cogliano,C,36.3,70,179,73.43211187829021,10.654609530589088,0.0,1.6111831624690458
58,Andrew Copp,C,29.2,73,199,76.50449626509939,14.410417046775024,1.809442524772237,2.3618444484553294
59,Andrew Mangiapane,L,27.5,70,184,78.58535069460014,14.059925318253994,2.085593494530728,1.2008768632332631
60,Andrew Peeke,D,25.5,75,210,75.72928421312555,18.203184565777807,0.1942739192513347,2.9862466757529535
61,Andy Andreoff,C,32.4,73,208,45.03983534850081,9.153553655883403,0.0330488363731265,0.13400378357680864
62,Anthony Beauvillier,L,26.3,71,180,74.76584038387314,14.808364060890431,2.011169579570672,0.48688036827570935
63,Anthony Cirelli,C,26.2,72,189,69.97198178825474,14.514225699631211,0.9894882363773824,2.260719921095022
64,Anthony Duclair,L,28.1,71,197,51.67274766205275,12.592292652771498,2.2433546049906266,0.2721975741502314
65,Anthony Mantha,R,29.0,77,234,71.75694414349076,13.141274216667933,0.931194558011877,0.21042121006099068
66,Anthony Richard,C,26.8,71,183,47.9891086073232,11.221442185907453,0.8383384891805468,0.3350995483663368
67,Anton Blidh,L,28.6,73,197,49.34019619662016,9.22712213130675,0.1640333037519437,0.6809530622679287
68,Anton Levtchi,L,27.8,72,185,43.99385324326949,11.809965207075305,0.9570809064164404,0.41184684078461775
69,Anton Lundell,C,22.0,73,185,67.55110089881765,13.325279238801564,1.6649616532843854,1.9444736862505199
70,Anton Stralman,D,37.2,71,193,45.05159426655003,15.067912915682424,0.0,1.7647441116737594
71,Anze Kopitar,C,36.1,75,225,76.06349722074525,15.091862594502992,2.730003571983428,1.6916203013482378
72,Arber Xhekaj,D,22.7,76,238,58.2467598864081,13.400254941476138,0.8777381962844626,0.16867717016174621
73,Arnaud Durandeau,L,24.7,72,185,42.40932945776812,11.678813147425226,0.9512639927892168,0.28655507707705485
74,Artem Zub,D,28.0,74,200,67.94265333993722,18.910561395853826,0.1549218690246592,1.8117706763636705
75,Artemi Panarin,L,31.9,72,173,73.18324479338762,16.010424329608036,3.3421850610817465,0.08198616117723578
76,Arthur Kaliyev,R,22.3,74,210,66.81570122383359,10.58515417353785,2.237223785884508,0.25761546511764477
77,Artturi Lehkonen,L,28.2,71,179,70.54239553418384,14.799746621306646,2.8400826728913406,1.641284296388625
78,Austin Czarnik,C,30.8,69,170,56.082454459134325,10.109630010993156,0.4617798675757918,0.291015546980279
79,Austin Strand,D,26.6,75,215,42.42041048560417,14.95180677700298,0.3300283709669307,1.0588268219859567
80,Austin Wagner,L,26.3,73,195,45.10160811756343,10.832325272804963,0.3016441413315296,0.18434015007748827
81,Austin Watson,L,31.7,76,204,68.03366876123162,8.94645425290217,0.0291922302860005,1.956949314022002
82,Auston Matthews,C,26.0,75,208,73.70350340582233,17.504084103870262,3.572513723296937,0.2647799047411703
83,Axel Jonsson-Fjallby,L,25.6,73,189,62.62763518912496,9.813136018979645,0.240561111547344,0.8652645809646153
84,Barclay Goodrow,C,30.6,74,204,77.61139921720438,12.680142405099437,0.3211377563542497,1.8627214717206937
85,Barrett Hayton,C,23.3,73,207,70.11432462042585,13.992541120817725,2.2814805707950017,1.4383298196750016
86,Beck Malenstyn,L,25.7,75,200,45.42765244572101,10.40551998221942,0.565371785364237,0.5126408466731692
87,Ben Chiarot,D,32.4,75,232,70.78089880168893,18.081109739656068,0.3503254813720948,2.4563409895002626
88,Ben Harpur,D,28.7,78,231,59.64512574874068,14.11488860479538,0.0,0.9487886471419917
89,Ben Hutton,D,30.4,75,201,55.65423558426475,15.119245818968023,0.0,0.8940122670165831
90,Ben Meyers,C,24.9,71,194,57.27673788796305,9.632956864996803,0.3805397716207586,0.10182940637349114
91,Benoit-Olivier Groulx,C,23.6,74,200,40.32515897710999,10.491193797688304,0.5390904197623383,0.793036722698752
92,Billy Sweezey,D,27.6,73,206,44.81898496674101,16.04114402693474,0.4184969110643251,1.6320369028995543
93,Blake Coleman,C,31.8,71,199,77.66641860112844,13.58860469815731,0.1215955562399762,1.4800633646549093
94,Blake Lizotte,C,25.8,69,170,71.91559034907625,12.195700264061438,0.3352346079683439,1.3972063675195874
95,Blake Wheeler,R,37.1,77,220,68.62852114158044,13.88447242441802,2.4339007237920622,0.27442367289949776
96,Bo Horvat,C,28.5,72,215,75.70353247923464,16.003633647651075,3.4311224760195405,1.312764555479094
97,Bobby McMann,C,27.3,74,208,47.05586341784307,11.652465548140256,0.8553543098852097,0.3658359244715311
98,Bokondji Imama,L,27.2,73,221,44.87600849158216,10.920125509107963,0.8501659540031039,0.36878126184674864
99,Boone Jenner,C,30.3,74,203,67.02014922445125,16.253440238078333,2.8322976625335534,0.9921352618305539
100,Boris Katchouk,L,25.3,74,206,64.22012399347936,10.760372699238893,0.6018413316312776,1.0206587637196431
101,Bowen Byram,D,22.3,73,190,53.81938108735855,16.789060684322664,1.217332712633075,0.45242162647227047
102,Brad Hunt,D,35.1,69,177,58.88319935160314,11.84804419417108,0.0546634077756644,0.23622282032538622
103,Brad Malone,C,34.4,74,217,47.38115075263532,8.352228754297442,0.0,0.42206242495329516
104,Brad Marchand,L,35.4,69,176,71.48495523084115,13.481276513045438,3.056923867607352,1.3690340030716335
105,Braden Schneider,D,22.0,75,208,63.11816858760285,15.71335456128882,0.3226780488682574,1.047925251156197
106,Brady Skjei,D,29.5,75,210,76.37980749836714,18.82516324102737,0.6941608319933459,2.418285961082478
107,Brady Tkachuk,L,24.0,76,221,76.95618452060239,15.553606607837455,4.016225225550079,0.29383264005492027
108,Brandon Carlo,D,26.8,78,218,73.99502728875592,16.18300217309265,0.129486743077154,2.9599819966269556
109,Brandon Duhaime,R,26.4,74,200,68.23493610506729,10.18446506840312,0.25078824075158,0.8878607083201958
110,Brandon Hagel,L,25.1,74,179,75.54236104018987,14.752897521197664,2.206029088671373,1.7860986102454288
111,Brandon Montour,D,29.5,72,194,75.3809689469455,18.835676802628093,3.276734672477567,1.2090649362279065
112,Brandon Saad,L,30.9,73,215,71.8962484546475,13.64516447971368,1.7623163722152708,0.9602607739720013
113,Brandon Tanev,L,31.8,72,189,78.29839470124473,11.006172255279935,0.0,2.1673254380442444
114,Brandt Clarke,D,20.6,74,185,36.57381910573112,12.941497298005988,0.5458023382410879,0.3437515706019052
115,Brayden McNabb,D,32.7,76,215,71.28000158940172,17.671360968616142,0.0,2.124833029181123
116,Brayden Pachal,D,24.1,74,203,42.364569272731686,15.198972129597692,0.582168772691332,1.09028684698914
117,Brayden Point,C,27.6,71,180,75.6316634343751,16.176659400024214,3.715082941585984,0.21366131692004986
118,Brayden Schenn,C,32.1,73,199,74.32530376799532,15.215103507246276,2.413273333808668,0.6944366153425977
119,Brendan Gallagher,R,31.4,69,186,59.432545084211135,11.917705059060191,1.8350993928853765,0.12269409820822341
120,Brendan Gaunce,C,29.5,75,219,45.84899282160176,9.329475929748654,0.2666060887423394,0.22859723513567243
121,Brendan Lemieux,L,27.5,73,215,62.03927128453361,10.591089308646112,0.2950853504140716,0.34308779398545663
122,Brendan Smith,D,34.6,74,200,63.46396944589198,14.154349432812516,0.0,1.4419068805171178
123,Brenden Dillon,D,32.9,76,224,77.3997766637433,17.08056032805005,0.0,2.2812698833606664
124,Brent Burns,D,38.6,77,230,74.42280137827309,17.898326386903257,2.445400518356445,1.8218589857120335
125,Brett Howden,C,25.5,74,203,61.382392729465536,12.556957618259188,0.2674473425270454,1.0725874502629196
126,Brett Kulak,D,29.7,73,197,73.47142212489992,16.404044060029374,0.0974028279368388,1.5975315546582376
127,Brett Leason,R,24.4,77,218,63.083614047145886,10.689872021691418,0.1917065850704509,0.10034352728217844
128,Brett Pesce,D,28.9,75,206,75.23569347165447,18.94022199113259,0.9513298867423964,2.5770988659240457
129,Brett Ritchie,R,30.3,76,215,57.08422202726938,10.418769498903671,0.2061164350398634,0.10477040277167649
130,Brett Seney,L,27.6,69,156,45.96309830895483,11.764669035588536,0.8774882638352179,0.364233181197371
131,Brian Dumoulin,D,32.1,76,207,72.55586330768682,18.195326032219928,0.0,2.722089020531355
132,Brock Boeser,R,26.6,73,208,74.49940710485782,15.31033735456552,3.031055292975686,0.20938027078599764
133,Brock Faber,D,21.1,73,200,34.50338071264568,13.926850188859936,0.5632695380715305,0.6249350629987283
134,Brock McGinn,L,29.7,72,187,68.67673849880481,11.737151862557305,0.0926653795448104,2.1599737881589105
135,Brock Nelson,C,32.0,76,210,76.22190301312038,14.829423171832245,2.6242813453885,0.7239496408871577
136,Bryan Rust,R,31.4,71,192,73.92919520705837,14.657968024345468,2.2972410306875,1.2796194198383626
137,Buddy Robinson,R,32.0,78,232,47.61853452141442,8.519676128344415,0.0,0.41206465211183296
138,Byron Froese,C,32.6,73,202,47.52370254921228,9.946626711710293,0.2055615902453849,0.3897793641036639
139,CJ Suess,L,29.5,71,190,44.17435270090645,11.131236077737,0.7835769659750478,0.3770384689583408
140,Cal Clutterbuck,R,35.9,72,212,62.69968240087631,10.612283364633567,0.0,1.5452571362448628
141,Cal Foote,D,24.8,77,224,58.68846851787861,14.831179695545712,0.2820274125545534,1.2323912553997753
142,Cale Fleury,D,24.9,73,204,44.001198263944055,13.744542358207973,0.2129846502701258,0.7680216023247057
143,Cale Makar,D,24.9,71,187,67.43898135854208,20.31145281009644,3.9861319000588935,2.4385598363214482
144,Caleb Jones,D,26.3,73,194,62.91697387026355,17.311730896049752,1.2750894548873013,0.9262859792441342
145,Calen Addison,D,23.5,71,173,64.06103709949382,12.45009881274602,3.325881357664361,0.16412307465070985
146,Callahan Burke,C,26.5,70,183,43.19921140256357,11.779697810115426,0.9642863756132084,0.40046844051064556
147,Calle Jarnkrok,C,32.0,72,192,70.8865545303565,12.155358497928088,1.2238053125828554,1.537743312616347
148,Calle Rosen,D,29.7,73,188,63.10598939675222,14.9897440374805,0.0480441967996105,1.100862519697437
149,Calvin de Haan,D,32.4,73,195,65.05386174262745,14.502250490240234,0.0,1.0324344833089423
150,Cam Fowler,D,31.8,74,215,76.89028175326858,19.435415396916422,2.1979777127847675,2.106098657398231
151,Cam York,D,22.7,71,175,59.63913792148935,16.08727366977315,1.7488232599620457,0.2795189806388274
152,Carl Grundstrom,R,25.8,72,195,64.78474338794102,11.180473111307752,0.4362628326459625,0.602213602067874
153,Carson Meyer,R,26.1,71,184,47.92025058086324,10.300536800246215,0.5836033600614741,0.2850594657234313
154,Carson Soucy,D,29.2,77,208,71.81639390391086,15.299585640947798,0.2342827265472791,1.748425033111702
155,Carter Verhaeghe,C,28.1,74,180,74.30455759384553,15.732990965187312,2.003593900286581,0.23361009930397914
156,Casey Cizikas,C,32.6,71,190,76.14277150215298,12.442324375218767,0.0370749960873098,1.7273128642775224
157,Casey Fitzgerald,D,26.6,71,188,51.89539222076135,13.971542323281389,0.1286566862424409,1.4346757074970626
158,Casey Mittelstadt,C,24.9,73,195,66.26315942253113,14.117618586198477,2.338331558128494,0.5317422412793673
159,Chad Ruhwedel,D,33.4,71,191,66.93474977684951,13.091471292585789,0.0,1.7273985432482228
160,Chandler Stephenson,C,29.4,72,209,76.51265391785142,15.429183152925162,2.377127938205007,1.3944850193601837
161,Charles Hudon,L,29.3,70,190,47.46964840606701,11.02967020257132,0.9561354996772704,0.2887886305378685
162,Charlie Coyle,C,31.6,75,223,76.89695181862216,13.77576073498016,0.8666891763657154,2.2435373924373665
163,Charlie McAvoy,D,25.8,73,209,71.45880527893081,18.76936847280154,2.6568877527460333,2.2526566155545593
164,Chris Kreider,L,32.4,75,230,75.47419367348677,13.515363316109676,3.1838335686215635,1.3619593576021165
165,Chris Tanev,D,33.8,74,193,70.95878568571581,15.967737371589973,0.0,2.4414427583034537
166,Chris Tierney,C,29.3,73,191,58.80011141340664,10.533023215315682,0.9532769227238228,0.6322171547986428
167,Chris Wagner,R,32.3,72,192,44.2050311430213,9.906350950125212,0.0,1.2544250198262927
168,Chris Wideman,D,33.7,70,181,62.76171186465472,12.445241480425176,1.222988533729057,0.33488944437610746
169,Christian Dvorak,C,27.7,73,193,69.49716170403174,13.478379002243107,2.093627486294186,2.159183367424289
170,Christian Fischer,R,26.5,74,212,71.54142307687614,12.667764680103128,0.5743921347830026,2.0602081157279795
171,Christian Wolanin,D,28.5,74,190,48.33902637864952,14.121024640670882,0.8728734499815174,0.6996204032212789
172,Claude Giroux,R,35.7,71,190,74.644041477964,14.673538914719906,2.4722323132322304,0.814260139610846
173,Clayton Keller,R,25.2,70,178,75.2495953713299,17.11711681343767,3.227167223695839,0.6985011343407388
174,Cody Ceci,D,29.8,74,210,75.74905512756645,17.61920590096652,0.0556407302104418,2.77216008584713
175,Cody Glass,C,24.5,75,206,70.73031290734045,12.109415072628,2.185501887409252,0.20021591737098876
176,Cole Bardreau,C,30.2,72,186,44.282664048594285,10.788956733535525,0.6129096475232245,0.4252960041505186
177,Cole Caufield,R,22.7,67,174,60.92663855264719,14.879545678098994,3.2376235249303704,0.27723519682827347
178,Cole Guttman,C,24.5,69,167,46.36298185678761,12.019140294475,1.0377278095407885,0.2267294719995322
179,Cole Koepke,L,25.4,73,196,48.5315988217904,10.836550767473248,0.6786241265624915,0.30950848487898397
180,Cole McWard,D,22.3,73,192,37.87487036286764,14.479712202811031,0.6211041276395883,0.7677545312739333
181,Cole Perfetti,C,21.7,71,184,58.10416442481672,11.863363876201245,1.3711172658792847,0.0
182,Cole Sillinger,C,20.4,73,201,66.70822780586775,12.667022209981951,1.1504679815789047,0.8177571906121441
183,Cole Smith,L,27.9,75,195,72.16579321610884,10.882584169867844,0.2309148843884856,1.8805451380222153
184,Colin Blackwell,C,30.5,69,190,64.76217168620511,10.93946191460254,0.2148117675221952,1.2931058373744608
185,Colin Miller,D,30.9,73,200,76.52385685422486,16.085148424966004,0.0,0.8064016519168824
186,Colin White,C,26.7,73,194,71.00326989481435,9.505070088968829,0.6689849083462565,0.23208920078296746
187,Colton Parayko,D,30.4,78,228,69.87216047330195,20.42387105933389,0.5089975562597986,2.029224247072253
188,Colton Sissons,C,29.9,73,200,77.21301154835258,12.671381753767578,0.6262601603413187,2.6161832934785925
189,Colton White,D,26.4,73,187,59.95996868600669,14.214911094462977,0.1812832839320648,1.0248548541776519
190,Connor Brown,R,29.7,72,181,45.46844305066564,14.76201482504559,1.9158534004642205,2.2640719261315687
191,Connor Carrick,D,29.5,70,198,42.31523585848995,15.358384526959536,0.0317259082191982,0.8965428372543576
192,Connor Clifton,D,28.4,71,190,69.24997012107751,16.92918925446554,0.1217553830042308,1.5226220383406068
193,Connor Dewar,C,24.3,70,183,74.24217996765933,9.305380684625913,0.1971417025319743,1.3704797300770342
194,Connor Mackey,D,27.1,74,197,53.500975045963045,13.853809566869774,0.2012993686437063,1.4324248003243791
195,Connor McDavid,C,26.7,73,193,78.09721125510008,17.90483035120402,3.9373154269272175,1.1005166574557823
196,Connor McMichael,C,22.7,72,180,40.7137719174585,9.645118996305348,0.0466642855953953,0.0
197,Connor Murphy,D,30.5,76,212,70.90341903867915,18.001961390387223,0.0523061237848638,2.2875411770973786
198,Conor Garland,R,27.6,70,165,75.62521025060428,14.45649474526719,1.763229576079414,0.19227105059449778
199,Conor Sheary,L,31.3,69,179,75.44998142779261,13.134086374470373,1.145938851800202,1.2688332870205719
200,Conor Timmins,D,25.0,74,202,50.631379872742805,13.858064247366798,0.784144159471214,0.5608625465811663
201,Corey Perry,R,38.4,75,208,72.91618605788453,9.815516506762686,1.3963045097344873,0.0
202,Corey Schueneman,D,28.1,71,197,44.20592630308067,15.741393443279822,0.3642420068155227,1.175751108521824
203,Craig Smith,C,34.1,72,204,70.97200338898818,11.29575122324237,0.4499936383076435,0.0284194331360057
204,Curtis Lazar,C,28.7,72,203,66.99829114180942,11.333345323665824,0.1605674478383829,1.2978374434735807
205,Dakota Joshua,C,27.4,75,206,76.07557970992674,10.721140893021502,0.3118471196752714,0.9883527901986207
206,Dakota Mermis,D,29.7,72,195,42.863555008275306,16.212505584007815,0.1195068032653841,1.5021115743081568
207,Damien Giroux,C,23.6,70,179,39.81422552677783,11.365979808665386,0.8400431166892548,0.22199095480932318
208,Damon Severson,D,29.2,74,205,77.12609527030726,18.309874162205872,1.4407814441609592,1.5700211662776213
209,Dan Renouf,D,29.3,73,198,42.2547969007255,13.965924034951716,0.0787735311820212,1.1192887509139107
210,Daniel Sprong,R,26.5,72,202,67.49216594491784,10.807100739696144,1.8143168940808003,0.20388309282733152
211,Daniil Miromanov,D,26.2,76,200,46.01516823480557,14.730627065606935,0.7085851455955638,0.9057771041961025
212,Danil Gushchin,L,21.6,68,165,37.36706891824121,10.549640343057805,0.6867525658978253,0.0
213,Dante Fabbro,D,25.3,72,189,68.84713124832282,16.951530250223126,0.4145949984393577,1.8621364093917583
214,Danton Heinen,L,28.2,73,188,70.12046760646916,11.131336236359267,0.9285116414084392,0.3737965622575333
215,Darnell Nurse,D,28.7,76,221,75.670815541089,20.36649975197068,0.9873669429720028,2.8091258733619817
216,Darren Helm,C,36.7,72,192,46.6066706028974,5.997350822751724,0.0,1.1588915425188637
217,Darren Raddysh,D,27.6,73,200,48.23389807047388,15.815806408145214,0.3384025506622281,1.1422390524954307
218,David Gust,R,29.6,70,177,45.44786053786373,11.80201391503151,0.8941994423309805,0.3803872922194911
219,David Gustafsson,C,23.5,74,212,58.56871009577519,8.3723713972492,0.157246447188371,1.2087845978503835
220,David Jiricek,D,19.8,76,199,32.58406218493717,12.86726817061212,0.4359869072762325,0.18852079494181195
221,David Kampf,C,28.7,74,197,78.3793066686224,13.026844134224111,0.1712642121950462,2.474067795001642
222,David Krejci,C,37.4,72,192,70.91821828130092,10.83124267786332,0.926974595746226,0.0
223,David Pastrnak,R,27.4,73,195,74.65817858897721,16.00892375353992,3.7464792146785726,0.2207949403448971
224,David Perron,L,35.3,73,196,73.87384383933693,13.663872702861577,2.89082892209562,0.0
225,David Savard,D,32.9,73,235,69.06096126172159,18.6129138450588,0.0071655189433643,2.8618133073236502
226,Dawson Mercer,C,21.9,72,180,74.59880645264316,14.500540202450589,1.6288254414161485,1.2116532375656766
227,Denis Gurianov,R,26.3,75,205,72.63981315801527,12.961128579873485,1.5616265115730077,0.20665913909948164
228,Denis Malgin,C,26.7,69,182,69.76672960742651,10.577362975094273,0.7997686795754495,0.17714322777571323
229,Dennis Cholowski,D,25.6,74,210,40.36264740579337,15.424156070888213,2.0830775740771195,0.45609047902451927
230,Dennis Gilbert,D,26.9,74,216,50.39322288431136,13.251270833672066,0.1354630181674325,0.9907170181541654
231,Derek Forbort,D,31.6,76,208,70.30091483027648,15.500907124096273,0.0,2.9169750050359085
232,Derek Grant,C,33.4,75,210,64.32966509413222,11.450601579184838,0.7574967131339352,2.2524090883812526
233,Derek Ryan,C,36.8,70,185,70.76873261128101,9.53791303555644,0.0,1.1812303668953552
234,Derek Stepan,C,33.3,71,196,68.88859290515454,8.501560606205878,0.0,0.6693125418345174
235,Derick Brassard,C,36.0,73,200,64.08608251370788,10.32517772626881,1.5761953356944227,0.14912648453213728
236,Derrick Pouliot,D,29.7,72,196,45.438716587769136,15.71954450713626,0.2690014766301143,1.0564399472388726
237,Devin Shore,C,29.2,73,206,59.520913652277954,9.300151659908389,0.1289487116399748,0.5876158722194662
238,Devon Toews,D,29.6,73,191,73.57164287770605,20.24574135503048,1.855439046392474,2.98158352064924
239,Dillon Dube,C,25.2,71,185,76.19097538912199,13.176869313845229,1.4542236166622922,1.1500886989227184
240,Dillon Heatherington,D,28.4,76,215,42.65446274292418,15.037131013820105,0.3078004115498576,1.4774523545841778
241,Dmitri Samorukov,D,24.3,75,188,39.114133119497104,15.303842443154393,0.675731289342032,1.125121985142365
242,Dmitry Kulikov,D,32.9,73,201,71.7367717003032,16.629176150439296,0.0,2.597257313401081
243,Dmitry Orlov,D,32.2,71,214,71.68462347696317,18.963435733871624,1.178848855051731,1.75561776090136
244,Dominic Toninato,C,29.6,74,191,45.85850663782619,7.391258086208959,0.125094144928006,1.292860078214524
245,Dominik Kubalik,L,28.1,74,190,77.39523700892184,13.096414387808393,2.3477028634626453,0.1977733494688042
246,Dougie Hamilton,D,30.3,78,230,73.98316567834267,18.739424978447506,2.821333939163964,0.6959492338883742
247,Drake Batherson,R,25.4,75,200,71.45782629106384,15.374438466444014,3.786488149375388,0.2487742412853453
248,Drake Caggiula,C,29.3,70,176,45.37241650582365,11.460478137636647,0.2733139420766854,1.0408507855605142
249,Drew Doughty,D,33.8,73,210,77.86011839712445,19.020345771053886,1.891513453974774,2.0231718323952967
250,Drew Helleson,D,22.5,75,190,37.32201539251386,14.635412133232258,0.656734947912647,0.8459455473301427
251,Drew O'Connor,L,25.3,75,200,60.64790227693578,9.520354827039078,0.20665021463351,0.5700805551361661
252,Dryden Hunt,L,27.9,72,193,58.69433540650839,10.994266680791895,0.3248038982984833,0.20337637000748798
253,Dylan Coghlan,D,25.6,74,208,46.82430823137087,13.18867943827928,1.0866025899653389,0.5363816874008374
254,Dylan Cozens,C,22.6,75,195,71.98531868729272,13.715648154232296,2.78894819519995,1.1628487829468792
255,Dylan DeMelo,D,30.4,72,195,73.99841327087267,16.861011443354183,0.0432616262479625,2.6062976061487793
256,Dylan Gambrell,C,27.1,71,185,67.96626139150135,10.759892049140603,0.2072833215307046,2.1060500550215044
257,Dylan Guenther,R,20.5,74,175,48.26536098619164,9.3333325632179,1.115298805747618,0.0
258,Dylan Holloway,L,22.0,73,203,58.55217400330548,8.125829339777384,0.5102744041291727,0.0
259,Dylan Larkin,C,27.2,73,198,72.94126196456271,15.478247578501843,3.33905525112086,1.5323960748578682
260,Dylan McIlrath,D,31.4,77,232,45.18914577797084,14.2999879177193,0.0,1.6723292468836628
261,Dylan Samberg,D,24.7,76,219,65.8270319482146,13.14265022934756,0.2454060296257469,1.7875027649747608
262,Dylan Strome,C,26.6,75,200,71.67203721161924,14.271902464204192,3.026693664712773,0.2291201248546071
263,Dysin Mayo,D,27.1,74,183,47.0767238256923,16.588810280783843,0.1325548911222029,2.464458549548604
264,Eeli Tolvanen,R,24.4,70,191,67.0268704312907,13.022627564322235,2.3891587547742503,0.3299550831043411
265,Eetu Luostarinen,C,25.1,75,190,74.15596113399934,13.191722603920764,0.9037479062104928,2.2907446609963107
266,Egor Afanasyev,L,22.7,76,211,45.299923941820566,10.62743427727474,0.5263053449389539,0.021289239557976014
267,Egor Sokolov,L,23.3,75,222,41.14751202705785,10.40469671835382,0.7655253501735657,0.11509242237882022
268,Egor Zamula,D,23.5,75,177,43.39477381033632,14.404866284081288,0.5237806118842219,0.7046020473382439
269,Elias Lindholm,C,28.8,73,202,78.15658035447318,14.19625813403182,2.895327371699471,2.2258577730799756
270,Elias Pettersson,C,24.9,74,176,75.9583101338355,14.980250879923606,3.6750644290760346,1.5768969309647825
271,Elliot Desnoyers,L,21.7,71,183,38.28067495891343,10.49170615918997,0.595722487903741,0.04831182181950966
272,Elmer Soderblom,L,22.2,80,246,46.30333095323079,10.450307718501284,0.8127808637662923,0.0
273,Emil Bemstrom,R,24.3,72,195,57.9957263290906,11.0378583673002,1.4334945835370965,0.0650740819440565
274,Eric Robinson,L,28.3,74,205,73.47615948155749,12.182764538726,0.1554220686170135,1.971155191336046
275,Eric Staal,C,38.9,76,195,70.73330417596362,7.239036452459469,0.0,1.4733471352571423
276,Erik Brannstrom,D,24.1,70,185,62.18606036129357,15.545683095485453,1.1855207866673343,1.5900668288893614
277,Erik Cernak,D,26.3,76,224,66.6929722264766,17.11681812863247,0.2050267487899135,2.9496923657872736
278,Erik Gudbranson,D,31.7,77,222,70.95724599440781,18.249709431357783,0.0,2.291953875961046
279,Erik Gustafsson,D,31.5,72,197,63.20183751358206,16.896901299701096,2.051562195272381,0.4484728377699947
280,Erik Haula,L,32.5,71,191,75.12151112796464,13.415895830183432,1.0500716461110349,1.7326481745945297
281,Erik Johnson,D,35.5,76,225,70.75654959787813,14.624881166531512,0.0,1.8897770627395092
282,Erik Karlsson,D,33.3,72,190,70.98591860726934,20.83514499580888,2.977848081405682,0.8070810011414931
283,Esa Lindell,D,29.4,75,220,76.67192062967777,17.47790244056495,0.2277132991059396,3.2541413760575644
284,Ethan Bear,D,26.3,71,197,64.23421830041107,17.106339410199084,0.3276913542729485,1.8760007786840203
285,Evan Bouchard,D,23.9,75,194,75.21664305373311,16.44755422404789,2.099613602949228,1.1347327372509832
286,Evan Rodrigues,C,30.2,71,184,69.98787060516615,14.961072310725283,1.8080043414951303,0.5846052221163902
287,Evander Kane,L,32.2,74,210,61.00958213809005,16.28072477500896,1.646282893659922,0.9292417823788426
288,Evgeni Malkin,C,37.2,75,195,62.14682465465279,14.023381800609162,3.492053371586781,0.0
289,Evgenii Dadonov,R,34.6,71,189,73.89324989911351,12.72445196463172,1.6607682425743184,0.1725784362150512
290,Evgeny Kuznetsov,C,31.4,74,207,73.58572799508937,14.346262422587843,2.7762124202508653,1.0200507336699698
291,Evgeny Svechnikov,L,26.9,75,208,68.6725701094138,10.73331553431748,0.4706474434829917,0.1947657353026956
292,Fabian Zetterlund,L,24.1,71,220,68.17228610450333,12.087182721839866,0.8476473670596241,0.0382641977055882
293,Filip Chytil,C,24.1,74,204,69.2363914067192,13.93191799103571,1.4901544601334784,0.2870957312289103
294,Filip Forsberg,L,29.1,73,205,64.19898209118848,14.90163514020454,3.051568680828548,0.1656056169319967
295,Filip Hallander,C,23.3,73,190,39.807021889582415,10.95943708168378,0.7716326610386748,0.23605876267593162
296,Filip Hronek,D,25.9,72,190,72.22454731539125,18.59967345564527,2.389752975606256,1.908988944807263
297,Filip Kral,D,23.9,74,198,38.73842442997436,15.205992045637212,0.6897633706613391,1.1321607774471611
298,Filip Roos,D,24.7,76,190,46.03398270606388,15.406306987743864,0.8280390981595278,0.9748759192718017
299,Filip Zadina,R,23.8,72,190,52.32617181941972,11.853147089342665,1.4951119123337309,0.02668310743922253
300,Frank Vatrano,R,29.6,71,197,76.31022084051261,14.030608874480109,1.5068509212404408,0.7885732798439355
301,Frederic Allard,D,25.8,73,179,40.90695329664917,15.901587432665316,0.6166397593520783,1.2659632777650107
302,Frederick Gaudreau,C,30.4,72,184,76.88582313868042,12.562954844161226,1.2446016192770102,1.8183503545384883
303,Fredrik Karlstrom,C,25.7,75,200,43.80375544801288,11.275505834769351,0.8566058545082595,0.3266289827631761
304,Fredrik Olofsson,L,27.3,74,190,54.64373229182361,11.029159686940842,0.5320919405300744,0.2746107174613349
305,Gabriel Carlsson,D,26.7,77,195,42.94000899017105,13.103592631845888,0.1489463460415334,0.9946804409902217
306,Gabriel Fortier,L,23.6,70,177,39.90530029352392,10.779303745913971,0.6699452981103575,0.1598823860684272
307,Gabriel Vilardi,"C, R",24.1,75,215,66.52244183584459,12.233358213766993,2.8181927852651016,0.053161712892851876
308,Garnet Hathaway,R,31.9,75,208,77.47201837870824,10.862838307835588,0.0031600103494495,1.3611092811713752
309,Gavin Bayreuther,D,29.4,73,196,57.96859186164309,14.643401600131506,0.2455936723295793,1.1161910519127938
310,Givani Smith,R,25.6,74,214,56.70575586268266,8.278199606523607,0.2100254459422028,0.13566012438644048
311,Glenn Gawdin,C,26.5,73,191,43.60745129035122,10.845132994302324,0.8503445108738186,0.4322284388032993
312,Grigori Denisenko,L,23.3,71,186,46.54370557288536,10.467648809534207,0.5687696831150306,0.04367813764355866
313,Guillaume Brisebois,D,26.2,74,175,47.28817278227452,15.299330567696035,0.4436427241669585,1.568652573114957
314,Gustav Forsling,D,27.3,72,186,71.69119142510503,19.315327387483144,1.1036223299056958,2.86546459175219
315,Gustav Lindstrom,D,24.9,74,186,54.43200159614933,14.584598026529294,0.23184677126066,0.9142143105025005
316,Gustav Nyquist,"C, L",34.1,71,180,68.49289207369384,13.560287240540076,1.461710443372442,1.4375890197554122
317,Gustav Olofsson,D,28.8,74,199,42.87867661054632,15.625928897841828,0.3287275782920562,1.3926314183319768
318,Hampus Lindholm,D,29.7,76,215,74.10731588599482,18.365792619122548,1.970972000083352,2.186798075049526
319,Hayden Hodgson,R,27.6,74,208,43.43963826438628,11.887052530922595,0.929172904759746,0.3845984173538839
320,Haydn Fleury,D,27.2,76,208,53.18669220210288,14.297643735268602,0.1581100128646231,1.161155296634515
321,Henri Jokiharju,D,24.3,72,200,64.82654762706757,19.441692042923084,0.5113177290605146,2.0183113448342342
322,Henrik Borgstrom,C,26.2,75,199,42.48841363887362,10.075445809685624,0.7824761533630611,0.2119823991379438
323,Henry Thrun,D,22.6,74,190,39.53479944030104,15.141633507728391,0.7415976529368364,0.8098446640512544
324,Hudson Fasching,R,28.2,75,204,63.88416717810382,12.313487754608618,0.3612105902775251,0.21020135762924108
325,Hugh McGing,L,25.2,68,176,41.67072035376876,11.717886919959248,0.9510629224763396,0.3357090788098539
326,Hunter McKown,C,21.1,73,205,40.6456851970354,9.877510056737274,0.7391192747078297,0.0
327,Ian Cole,D,34.6,73,225,74.83094037665909,16.000099046233704,0.0,2.4279362368333266
328,Ian Mitchell,D,24.7,71,193,53.764808682265,14.174692730017355,0.7617490148040946,0.4950025636232196
329,Ilya Lyubushkin,D,29.5,74,200,69.53027889367678,14.435721386389872,0.0293197863006866,1.8986815163980237
330,Ilya Mikheyev,R,29.0,74,192,64.15779888725108,14.044682752733046,1.3379325164446438,1.4333774437159308
331,Isaak Phillips,D,22.0,75,205,42.13963292220387,13.736338487657536,0.4364435220396316,0.6403040784435086
332,Isac Lundestrom,C,23.9,72,193,68.19121326928618,13.475007175268669,0.5191003309451971,1.9421358011751364
333,Ivan Barbashev,C,27.8,73,195,73.79114930004066,14.175807109424913,1.7583148825106758,1.0699629577169174
334,Ivan Provorov,D,26.7,73,201,76.78320849976753,20.0978836253241,1.212048823799309,2.752963957303262
335,J.J. Moser,D,23.3,73,173,64.36599982950962,16.570837209644328,2.002943291424398,2.5766241242005483
336,J.T. Compher,L,28.5,72,190,74.35838541519912,14.963820408369726,2.510133397107768,2.066092948690642
337,J.T. Miller,C,30.6,73,218,77.05127220168464,15.35222327005779,3.7002518050382047,1.694575683501363
338,JJ Peterka,R,21.7,72,189,68.96214085420134,10.818395017815371,1.1453004179388269,0.0
339,Jaccob Slavin,D,29.4,75,207,74.6520881002083,19.49468413842348,0.2687495563889868,2.754595417256229
340,Jack Drury,C,23.7,71,174,55.45027049547751,9.939584132355266,0.8015942126173565,0.22207497070131355
341,Jack Eichel,C,26.9,74,207,70.75829423075157,15.425636439453394,2.608756051410593,0.49879537588195166
342,Jack Hughes,C,22.4,71,175,69.39589696052448,17.653217289314718,3.268095773556825,0.3259585497974502
343,Jack Johnson,D,36.7,73,227,75.00017754575053,15.736718756269752,0.0,1.7332198272831172
344,Jack McBain,C,23.7,75,201,74.02156514500139,11.248214647359116,0.3018555572286803,1.7222453968698597
345,Jack Quinn,R,22.0,73,185,68.64644363231137,10.532107825139324,1.3981176217642588,0.2520549331520132
346,Jack Rathbone,D,24.4,70,177,43.07417326010564,14.246465907540149,0.9654925406863512,0.6539160510893869
347,Jack Roslovic,C,26.7,73,200,75.01947222964424,13.529084128146197,2.157068738575571,1.3747068512447815
348,Jack Studnicka,C,24.6,73,187,60.779808130189366,10.015309065184532,0.2899950704818623,0.4709196953431518
349,Jackson Cates,C,26.0,72,190,44.05067533437406,10.773189740245655,0.6562204263603868,0.3959693164667458
350,Jackson LaCombe,D,22.7,73,171,37.191317276331326,14.92793031396992,0.72122152196943,0.9040242491101251
351,Jacob Bernard-Docker,D,23.3,72,190,45.23649894977598,14.545213751056526,0.3629808245016637,0.531735449543242
352,Jacob Bryson,D,25.9,69,176,64.93873431804177,15.440212750879631,0.3582939348157021,1.359492783420323
353,Jacob Larsson,D,26.4,74,193,43.1438153342737,15.21851676054715,0.1491898768274395,1.6049176134917131
354,Jacob Lucchini,C,28.4,72,180,48.02127132566017,11.460849637546026,1.0331090095718236,0.4757012532015691
355,Jacob MacDonald,D,30.6,72,204,67.35404194547986,12.230793669200596,0.2873255187562109,0.5300600671798856
356,Jacob Moverare,D,25.1,75,210,39.89169029528894,15.441735066471768,0.4828742900769496,1.233485608470396
357,Jacob Peterson,C,24.2,73,180,45.1988488854346,10.763695506512134,1.043969928820936,0.12616759787930143
358,Jacob Trouba,D,29.6,75,203,72.39789615375616,18.50883949402009,1.1210672245143032,2.1604544271757082
359,Jaden Schwartz,C,31.3,70,185,73.71417217157725,14.045002841579857,2.0172027768452656,0.2858563050445462
360,Jake Bean,D,25.3,73,196,45.27207891911405,17.18350265143185,1.1912125352703733,1.054371576598867
361,Jake Christiansen,D,24.1,72,193,48.34477532771199,13.991949929491051,0.5657567054432657,0.5293543123562647
362,Jake DeBrusk,L,27.0,72,197,69.42693311644888,13.268183729655632,2.600924170490941,1.2669601816392597
363,Jake Evans,C,27.3,72,186,67.71680907978376,12.238632663999097,0.2933173912034659,2.5150086976741193
364,Jake Guentzel,L,29.0,71,180,76.56289967829689,16.684360113775252,3.672536658184578,0.17226384511805481
365,Jake Leschyshyn,C,24.6,71,195,55.261655542410864,9.84453879516767,0.1703633107136761,0.47676128375451077
366,Jake Livingstone,D,24.5,75,205,40.58180922526505,15.571198229867996,0.6542575798335493,1.1230202302150323
367,Jake McCabe,D,30.0,73,204,74.1199797895756,17.286251040477374,0.085443380602211,2.0844995469781495
368,Jake Middleton,D,27.7,75,219,75.07346677848003,16.956808721427322,0.0993772890495989,2.040532560899026
369,Jake Muzzin,D,34.6,75,227,44.56334329964079,16.088931419803924,0.0,2.138574611437497
370,Jake Neighbours,L,21.5,72,201,54.343492638629726,9.59736326527943,0.5775015439160462,0.0
371,Jake Sanderson,D,21.2,75,195,67.09499963163638,14.044410424569747,2.3289991693526058,2.1414376142074385
372,Jake Walman,D,27.6,74,215,63.10115451619954,16.281424803505143,0.7994429182905822,1.8600755517207332
373,Jakob Chychrun,D,25.5,74,220,62.81598250974858,19.779969995503723,2.6926309236107464,1.3435022608657112
374,Jakob Pelletier,L,22.6,69,170,48.06553235568468,11.027544393953434,1.3720621508349256,0.0
375,Jakob Silfverberg,R,33.0,73,207,69.8004695175572,11.539719276533354,1.5593480874956382,2.318514835689997
376,Jakub Lauko,C,23.5,72,196,48.96294609689622,9.837885335163072,0.4509729118549774,0.2313100307882613
377,Jakub Voracek,R,34.1,74,216,47.89541527489392,12.248946644105953,2.276628489811684,0.0
378,Jakub Vrana,L,27.6,72,190,53.520554613504125,12.53101837825483,2.2620788217525702,0.19130649892791884
379,Jakub Zboril,D,26.6,73,201,49.74624494508053,14.901989740687895,0.4192772761820598,1.112739675710053
380,Jalen Chatfield,D,27.4,73,188,74.4186028522705,13.952012082319214,0.0452629010771603,1.1656768176488275
381,James Hamblin,L,24.4,69,176,44.6199340629716,10.868984410881632,0.7696222219822464,0.35443964314882903
382,James van Riemsdyk,L,34.4,75,208,72.09591987779069,13.15103600591103,2.0518954641671043,0.01150312291596578
383,Jamie Benn,L,34.2,74,205,76.17095506471956,12.476052341362164,2.5102854894522606,0.7812321900070218
384,Jamie Drysdale,D,21.5,71,183,37.78893808589139,15.41248597173174,1.8435963995213247,0.0
385,Jamie Oleksiak,D,30.8,79,257,74.46983581627616,17.15023058914135,0.0334056001995786,2.5022271571093584
386,Jan Jenik,R,23.0,73,185,39.51251828096416,10.497489655238391,0.6625267503469399,0.06407306945068347
387,Jan Rutta,D,33.2,75,204,64.64914741098235,14.968479230753704,0.0,2.1469770449780503
388,Jani Hakanpaa,D,31.5,78,225,77.88823202770848,16.132381073034217,0.0,2.8458581791432445
389,Jansen Harkins,C,26.4,73,182,51.46450428573556,9.998605984034445,0.2619040135192554,0.18913760953735204
390,Jared McCann,L,27.3,73,191,73.02213714645022,13.287358120499654,2.645373192541824,0.8777129910432586
391,Jared Spurgeon,D,33.8,69,166,73.47004880450355,17.340128466580126,1.426939501820902,2.5305526487899566
392,Jaret Anderson-Dolan,C,24.1,71,200,59.29689924146213,10.004175938937983,0.4330381142393424,0.1530668596787823
393,Jarred Tinordi,D,31.6,78,229,61.62530190459012,14.574846404721248,0.0,1.5605877294837405
394,Jason Demers,D,35.3,73,195,43.094435433194406,15.222757422852156,0.0,1.501932445791003
395,Jason Dickinson,C,28.2,74,200,72.69339109962172,13.713101632697327,0.645479213084186,1.828141303181705
396,Jason Robertson,L,24.2,75,200,74.82204976668525,16.22078745374776,3.2616266105790555,0.2504473213173162
397,Jason Zucker,L,31.7,71,192,64.97234365580186,14.090733549294937,1.4661895639494502,0.08031970312600145
398,Jaycob Megna,D,30.8,78,220,59.41752009335859,16.908165126506635,0.0121192248291512,1.8014213251568656
399,Jayson Megna,C,33.7,73,195,66.53657201377999,8.04877695045283,0.0,0.7162335420409428
400,Jean-Gabriel Pageau,C,30.9,71,185,74.05814856787008,13.607218408962488,2.185000893277289,1.7668105033234969
401,Jean-Luc Foudy,C,21.4,71,177,39.85601481995844,9.890284512128916,0.5617378734966343,0.0
402,Jean-Sebastien Dea,C,29.6,71,174,45.45517462545965,11.140994359975569,0.7206660175832162,0.3589600352552127
403,Jeff Carter,C,38.7,75,219,72.40074792908906,11.217163362933722,1.2546940574800334,0.9550714912199743
404,Jeff Petry,D,35.8,75,209,69.33346008551565,17.47704170278026,1.9205522202420011,2.0776647802889334
405,Jeff Skinner,L,31.4,71,197,76.38255762009976,14.160044658075668,2.8573980810934323,0.097714935790712
406,Jeffrey Viel,L,26.7,74,205,44.13651706982385,8.936507533401223,0.2243999146171293,0.18191154876322668
407,Jeremy Davies,D,26.8,71,180,40.83746408609502,15.117732602628768,0.5435347340217738,0.9749465059036371
408,Jeremy Lauzon,D,26.4,73,204,66.53310652677463,15.825122304942957,0.1393555323927686,2.4266410296890317
409,Jesper Boqvist,C,24.9,72,180,63.03707797167834,12.110000701481898,0.4318116277119757,0.560011558910352
410,Jesper Bratt,L,25.2,70,175,74.33724252494368,15.162103524067888,2.8587327587739275,0.3096911637030648
411,Jesper Fast,R,31.8,73,191,75.05894836881185,13.132223632461862,0.3099162083866253,1.351338879173106
412,Jesper Froden,R,29.0,70,179,49.50028148953746,11.230589968705306,0.6912858359975544,0.38445925509971435
413,Jesperi Kotkaniemi,C,23.2,74,201,74.08503181588829,13.554948007638316,1.9653049208844289,0.35689337388657016
414,Jesse Puljujarvi,R,25.4,76,201,73.03508971480454,13.155271098248392,1.033919081074196,0.22252477248843616
415,Jesse Ylonen,R,24.0,73,188,55.44848631240488,11.33600169623656,1.1487281180329512,0.12457528045714406
416,Jimmy Vesey,L,30.4,75,202,74.09592021685684,12.243939468536944,0.1824908170450687,1.436207109044231
417,Joe Pavelski,C,39.2,71,200,74.46190272317823,13.954610005919086,2.5345107017085096,0.14198814539926596
418,Joe Snively,C,27.7,69,176,48.14571820452318,11.962495485991266,0.6562301410634568,0.29928822178003267
419,Joe Veleno,C,23.7,73,203,71.73629988401164,12.540126491086223,0.6395548931805413,0.5690099134329972
420,Joel Armia,R,30.3,75,216,61.23277312338473,12.242106706601335,0.932565166069356,1.8278521881926326
421,Joel Edmundson,D,30.3,77,221,68.52589189825942,16.190110135013303,0.0,3.0118277818663435
422,Joel Eriksson Ek,C,26.7,75,207,76.57904161041391,14.243524939331156,3.1837178323202786,2.005611605448723
423,Joel Farabee,L,23.6,72,183,73.49209199040429,14.776786247513355,2.250968002265772,1.2420816808783677
424,Joel Hanley,D,32.3,71,190,54.014011566501225,11.926013003365943,0.0,0.7335002842351843
425,Joel Kiviranta,L,27.5,71,185,67.84983868712729,10.53236054393071,0.2156802395262584,1.2979750481798178
426,Joel Teasdale,L,24.6,72,212,41.403029916973,11.564497588801714,0.9225666854659652,0.28535829911505683
427,Joey Anderson,R,25.3,72,207,57.26326016005687,10.70142767386148,0.3029306691004263,1.0371764107866133
428,John Carlson,D,33.7,75,215,66.08064709205122,17.90483875719082,3.547713434665153,1.6426445077027487
429,John Hayden,C,28.6,75,223,46.42959073036255,10.231859176726813,0.1859044589773673,0.6015745789453644
430,John Klingberg,D,31.1,75,190,72.10762148735404,18.558961363787184,2.4325089237776814,0.42801612142234124
431,John Leonard,L,25.2,71,196,43.69782210894032,10.504410339219824,0.9293249602123526,0.12893360858396208
432,John Marino,D,26.4,73,181,71.69092907528167,18.42041143088884,0.5690913762580276,2.7964759797448053
433,John Tavares,C,33.0,73,216,76.66616732759624,14.43936769096659,3.075849293390406,0.05096285201857109
434,Johnathan Kovacevic,D,26.2,76,208,73.19044039953684,15.581321734167602,0.1497845393743113,1.9196745724994622
435,Johnny Gaudreau,L,30.1,69,165,78.0294859656161,16.152942880961948,3.072158621063471,0.13507483205312554
436,Jon Merrill,D,31.7,75,204,71.48929115268233,15.009667478850025,0.0300978228963264,1.3499934093494501
437,Jonah Gadjovich,L,25.0,74,209,55.6927386369847,9.080086527859455,0.1944870543704766,0.10250330863563084
438,Jonas Brodin,D,30.2,74,196,70.20141296474644,19.551152722103662,0.6108195395569829,2.743837542069601
439,Jonas Rondbjerg,R,24.5,74,203,45.96086566022134,9.647926846637528,0.1949347570378528,0.48024358908216114
440,Jonas Siegenthaler,D,26.4,74,218,72.78885236862176,17.951533253921376,0.2001161476332118,2.287099972911614
441,Jonatan Berggren,R,23.2,71,197,67.03394741012762,11.244775308697363,1.5102762427100025,0.0
442,Jonathan Drouin,L,28.5,71,198,67.79959979789298,12.820353026646773,1.9900545338187667,0.2013817217591951
443,Jonathan Gruden,C,23.4,72,172,40.43178153267949,10.87681554421746,0.7869882867793239,0.20177457686575317
444,Jonathan Huberdeau,C,30.3,73,200,77.13122359430248,14.125870907499085,3.032016190737472,0.3386521685958864
445,Jonathan Marchessault,"C, R",32.8,69,183,75.00039349745053,14.889112799963282,2.127562483401391,0.05549184382626782
446,Jonathan Toews,C,35.4,74,201,65.58361380061618,12.838832166620495,2.4369068130331293,0.9908256076721143
447,Jonny Brodzinski,C,30.3,72,212,51.010304396239285,9.544783324376876,0.0881636325245727,0.5889128113695632
448,Joona Koppanen,L,25.6,77,216,43.69732792892071,11.55852073944479,0.9133618726207744,0.4721493728957995
449,Joona Luoto,L,26.0,75,210,44.894497826120784,10.237765541794827,0.6160417360256896,0.3144061376290921
450,Jordan Eberle,R,33.4,71,190,76.74605181984164,14.249185623502049,2.3182295273569773,0.041608300612001825
451,Jordan Greenway,L,26.6,78,231,69.9763443252615,13.551428496657886,0.668799646660011,0.6965079994722588
452,Jordan Gross,D,28.4,70,190,47.831136084905296,15.834953302182772,0.8369473350076477,1.015634600573331
453,Jordan Harris,D,23.2,71,189,65.05603120737631,16.214451291326988,0.2557105231281122,1.0022966330449883
454,Jordan Kyrou,C,25.4,73,196,75.65662283564396,15.469091419288413,2.7322813187833352,0.23596294414345786
455,Jordan Martinook,L,31.2,72,196,70.94438398175282,13.03306666453864,0.0879840773514235,1.693623736450883
456,Jordan Oesterle,D,31.3,72,187,60.48931385521502,16.049459857096764,0.182690382882606,0.7398220509392206
457,Jordan Spence,D,22.6,70,180,38.73616504168584,15.074947876036216,1.293078868167933,0.5255617109933868
458,Jordan Staal,C,35.1,76,220,75.04282700227773,13.45439435805019,0.3455339019623564,2.079746483990494
459,Jordie Benn,D,36.2,74,201,47.46110747072494,12.490728382901969,0.0,0.696941956050324
460,Joseph Cramarossa,C,30.9,73,190,45.58838064009792,10.915637198812975,0.5656732303828995,0.3117138848176749
461,Josh Anderson,R,29.4,75,218,72.06078823210112,14.507649312506045,1.7813492360931396,1.0245037277051734
462,Josh Archibald,R,31.0,70,176,69.9404983811639,8.240846813298887,0.0,1.5138405746827683
463,Josh Bailey,R,34.0,73,200,71.00511700081667,12.909014030117088,1.2746117303273858,1.112054264268723
464,Josh Brown,D,29.7,77,220,65.41903023959037,13.40845891439493,0.0381192285714613,2.472586211146433
465,Josh Dunne,C,24.8,76,211,44.19552322622815,11.00595619264497,0.8593042083542843,0.3093673690787232
466,Josh Leivo,L,30.4,74,192,65.29199611443336,11.051245621780527,0.622037501534823,0.14637352577098783
467,Josh Mahura,D,25.4,72,185,74.69032340282635,13.85356594833765,0.3324776242261944,0.6443047194148905
468,Josh Manson,D,32.0,75,218,54.3796889944668,16.101187016442243,0.0,2.015321018779373
469,Josh Morrissey,D,28.5,72,185,76.14551988663517,20.35036192655389,3.338470350437244,0.8826360558582014
470,Josh Norris,C,24.4,74,195,43.75549477712536,14.08905960685445,3.039800674554193,0.6180611914083765
471,Jujhar Khaira,L,29.1,76,212,65.0659915745633,11.560129099520005,0.7713735271519027,1.5117442081896402
472,Julien Gauthier,R,26.0,76,224,59.51799100764785,9.755922921961872,0.3470905343738457,0.19059740412522008
473,Juraj Slafkovsky,L,19.5,75,238,48.80807100567486,8.33482236803678,0.5661125473496413,0.0
474,Justin Barron,D,21.9,74,201,51.84563386766904,13.465420562190564,1.000490247075136,0.24380577850263863
475,Justin Braun,D,36.6,74,205,66.02645527364592,14.271496332019233,0.0,1.4517994284962503
476,Justin Danforth,R,30.5,69,190,46.41393028097716,11.436136370177586,0.4023294678570144,0.5439774200500417
477,Justin Faulk,D,31.5,72,214,76.88182269308179,19.440938701573035,1.9193216287626476,1.9910207914414348
478,Justin Holl,D,31.7,75,197,74.86988099962579,17.56869947548678,0.0,2.792475228089582
479,Justin Kirkland,C,27.2,75,183,45.71756411129456,11.29733449026592,0.8731703998401386,0.37905230142375723
480,Justin Richards,C,25.5,71,190,42.38806891334144,11.675554569037963,0.9476774010725508,0.38529754353419554
481,Justin Schultz,D,33.2,74,190,71.45919282106414,15.905382156777367,1.8625800273115187,0.32567417192808135
482,Juuso Parssinen,C,22.7,75,212,57.02062522285027,11.593377336403048,1.6446434380966788,0.0
483,Juuso Valimaki,D,25.0,74,205,72.58587313858862,15.637695713884408,1.7681301621121015,0.7564965033683215
484,K'Andre Miller,D,23.7,77,215,75.12665791696547,20.04188719067141,0.7625881812370898,2.0341664256853127
485,Kaapo Kakko,R,22.6,74,206,67.35945448336737,14.91156932113985,1.2557023839362702,0.49915114843034813
486,Kaedan Korczak,D,22.7,75,202,40.56408976400138,15.038716172408469,0.5718103096114888,0.7936677748055176
487,Kaiden Guhle,D,21.7,74,205,53.7053887264502,15.649981388167564,0.647294837235467,1.3819319216420913
488,Kailer Yamamoto,R,25.0,68,153,71.0158909234784,15.40800534145544,0.8723300387994282,1.4153233114680974
489,Kale Clague,D,25.3,72,190,53.47814690175477,14.883259976351026,0.9887539711021563,0.49195527388491755
490,Karson Kuhlman,C,28.0,70,184,58.06928795873338,10.892560255703646,0.1997811642818578,1.0684631208715372
491,Kasperi Kapanen,R,27.2,73,194,70.05298774934406,12.701715717361562,1.5649708305894006,0.6890873268530442
492,Keegan Kolesar,R,26.5,74,217,72.49305441415743,11.909658143585368,0.2813198592096599,0.2851283755557863
493,Kent Johnson,C,21.0,72,175,68.47361551012848,10.912368490594847,1.3358671022995985,0.0
494,Kevin Bahl,D,23.3,78,230,55.16869610799039,13.168466316695689,0.2343574482439492,0.7594082632241772
495,Kevin Fiala,L,27.2,70,204,73.90042609593203,14.896517876127252,3.0068002647254213,0.3022952190886351
496,Kevin Gravel,D,31.6,76,205,52.55553898944196,14.403748887098269,0.0,1.3094414124922793
497,Kevin Hayes,C,31.4,77,216,71.44918665213038,14.678824346302918,2.5185478077462897,0.4423944098941164
498,Kevin Labanc,R,27.8,71,185,73.36504962649694,13.01479258367719,1.3719269606446385,0.19312098219184093
499,Kevin Rooney,C,30.4,74,190,51.018096068962166,10.832424969581188,0.0782393049313392,1.5410904664461254
500,Kevin Shattenkirk,D,34.7,72,212,75.65140327233411,16.550461744753814,1.6027894172211177,1.335174902217161
501,Kevin Stenlund,C,27.0,77,215,65.36726045232531,9.720751479966104,0.6975062186419858,1.6630031698177887
502,Kiefer Sherwood,L,28.5,72,194,56.8802165715948,10.77045985983991,0.8233525682761467,0.24733349286132067
503,Kieffer Bellows,L,25.3,73,195,53.08758917922773,10.685483637833856,0.5920416053817359,0.12143251883490824
504,Kirby Dach,C,22.7,76,212,65.17895192500224,15.095520728436124,3.172622451765747,0.6608603612244947
505,Kirill Kaprizov,L,26.4,70,202,74.38553036759416,17.229166425333926,3.784492944030592,0.22437623145449115
506,Kirill Marchenko,R,23.2,75,197,63.65732795126195,12.712514024491217,2.441000029935089,0.0
507,Klim Kostin,C,24.4,75,215,58.367997065220976,10.356067396940611,0.3265837568841039,0.18619578701307882
508,Kris Letang,D,36.4,72,201,71.42865051376596,19.681006657264245,3.119674012746053,0.9875298162641972
509,Kristian Reichel,C,25.3,72,168,42.16935792822743,11.336373020193214,0.7096590294565479,0.2970929476455003
510,Kurtis MacDermid,D,29.5,77,233,56.43208878610498,9.841113201784651,0.0,0.7003080972741529
511,Kyle Burroughs,D,28.2,72,193,56.499329011377895,15.302206219907498,0.1013875812213667,1.655072353910862
512,Kyle Capobianco,D,26.1,74,201,45.94679224503891,14.749155970445344,0.6874900047990502,0.5062655358311432
513,Kyle Clifford,L,32.7,74,217,44.550588277578,8.479741495282347,0.0,0.3093130108309188
514,Kyle Connor,L,26.8,74,179,77.93051615813556,16.91092370303916,3.603624531760975,0.5760549931527857
515,Kyle Criscuolo,C,31.4,69,175,44.3174628622104,11.03338432197684,0.5472327228131137,0.2915540814844584
516,Kyle Okposo,R,35.5,72,218,68.02950689681705,12.479505677306602,0.7149554412437624,1.038442685661987
517,Kyle Palmieri,C,32.7,71,198,67.70035839060105,14.286012056010508,2.037203062278478,0.3471265325904228
518,Lane Pederson,C,26.2,72,192,53.40871069401618,10.67923192897636,0.8061189023787179,0.24296072809264613
519,Lars Eller,C,34.4,74,205,72.6476047450765,12.979721832855324,0.2079661323692916,1.5459915145003191
520,Lassi Thomson,D,23.0,72,190,37.59502371898779,14.662366375218728,0.8711123291332206,0.7831636324398115
521,Laurent Dauphin,C,28.5,72,186,52.26559121494303,11.49833458699326,0.2735510290652512,0.7963206394436612
522,Lawrence Pilut,D,27.8,71,194,48.33205082823471,14.650632326034284,0.1870055214523756,1.4194935535249864
523,Lawson Crouse,L,26.3,76,215,72.74323551971763,14.219518712155514,1.7473514199289395,2.1729438900277622
524,Leon Draisaitl,C,27.9,74,208,77.77499635436293,17.577994579739748,3.9360842852444833,0.7787322748087024
525,Liam Foudy,C,23.7,74,188,65.52433037032827,10.595685558548269,0.198829278834782,0.8785596587408131
526,Liam O'Brien,C,29.2,73,213,67.1766549445009,10.590878969505916,0.143263465867943,0.9522780825197635
527,Lias Andersson,C,25.0,73,185,41.41449076785128,9.917254084162792,0.4549571357902624,0.7106066813320393
528,Libor Hajek,D,25.7,74,209,46.42705106225474,14.206927379708103,0.2241069385364511,0.7074047972112076
529,Logan Brown,C,25.6,78,218,54.17399011035536,9.920551574459076,0.7219651969601273,0.17183947854005321
530,Logan Couture,C,34.5,73,206,75.36085513704879,13.830352706221504,2.5688300832790745,2.0773093540488468
531,Logan O'Connor,R,27.1,72,175,77.84297319177593,12.324612269291164,0.2201079350146222,1.73780152855957
532,Logan Stanley,D,25.4,79,242,47.46234849848672,13.41971578093248,0.1932122336774329,1.9760368933730272
533,Lucas Carlsson,D,26.2,72,189,40.8505447293892,13.106527260710696,0.1813762655287243,0.645807463007599
534,Lucas Condotta,C,26.3,73,223,42.59094433674831,11.877083206468107,0.9800330480164416,0.3863337542566644
535,Lucas Johansen,D,25.9,74,176,40.56595072299056,15.847667344426531,0.6208830822176878,1.2883048034886437
536,Lucas Raymond,L,21.5,71,176,71.80403129203881,15.005394816123314,3.03531891869012,0.29747290500347157
537,Lukas Reichel,L,21.4,72,170,45.71489780516637,11.341274186366054,1.3813164508433684,0.0
538,Lukas Rousek,R,24.4,71,171,41.28233933684648,11.579851894146952,0.8906014307530574,0.2769255506281142
539,Lukas Sedlak,C,30.6,72,205,56.493531317219656,10.585879842151996,0.450361219584839,1.0926549590075203
540,Luke Evangelista,R,21.6,72,183,46.534746515266086,11.201080540620415,1.7475495598228403,0.0
541,Luke Glendening,C,34.4,71,190,73.72018843212547,10.325114753291192,0.0,2.0841340182630654
542,Luke Hughes,D,20.1,74,184,32.25197250215525,13.012343964705895,0.442184822933281,0.2597926416398648
543,Luke Kunin,C,25.8,72,197,54.81270624378391,12.158612793703952,1.184402184731174,1.0001841132166087
544,Luke Philp,C,27.9,70,181,44.44306925463086,11.89925031118154,0.9255006295267708,0.40694505616868126
545,Luke Schenn,D,33.9,74,225,66.89294502984347,14.589830321992144,0.0,1.4803588584731089
546,Mac Hollowell,D,25.0,69,170,41.55184978264337,15.453388866591888,0.631825319883432,1.17265254001727
547,MacKenzie Entwistle,R,24.2,75,184,64.82332538460858,10.762246544289958,1.316044758879336,0.4164945461560896
548,MacKenzie Weegar,D,29.7,72,206,76.62656244244246,19.00238868966319,0.8063170403874553,2.0667170546583025
549,Marc McLaughlin,C,24.2,72,203,40.9780685265689,11.085596091596134,0.746951501072282,0.21701955013898588
550,Marc Staal,D,36.7,76,208,74.47971141863455,15.369697735821823,0.0,2.143727066084801
551,Marc-Edouard Vlasic,D,36.5,73,205,72.973708414782,14.631205691246592,0.0,2.0552274398047397
552,Marco Kasper,C,19.5,73,183,32.799947182773,9.02419204934622,0.2196926635620477,0.0
553,Marco Rossi,C,22.0,69,182,45.11669612855118,10.451688780655832,0.9096962287681656,0.0
554,Marco Scandella,D,33.6,75,212,51.54822655562103,15.035375527577235,0.0,1.9983602573006354
555,Marcus Bjork,D,25.9,76,211,53.92140325799661,15.748082152443574,1.6774938171863392,0.9085058519915039
556,Marcus Foligno,L,32.1,75,226,68.09874695790113,12.92848914557477,1.0790924523635272,1.1233659085194263
557,Marcus Johansson,L,33.0,73,203,69.68035932537947,13.037001382104398,2.4492159633588364,0.7490916185532158
558,Marcus Pettersson,D,27.4,75,177,69.75227530055021,18.469573644501352,0.2503703074309491,1.598621181214308
559,Marian Studenic,"L, R",24.9,73,190,42.21231569063228,10.42680424027191,0.2858808137274429,0.48233329487633014
560,Mario Ferraro,D,25.0,72,209,71.2387207692441,19.10669348999045,0.7738986739404494,2.9139200271793877
561,Mark Borowiecki,D,34.2,74,204,44.61640699167943,11.044005474614051,0.0,1.5510085175077444
562,Mark Friedman,D,27.8,71,185,50.92865013293836,13.646966384931089,0.0637698092440166,1.224639912669938
563,Mark Giordano,D,40.0,72,205,69.73495606473861,15.521209419595811,0.569158067497483,1.6427071097335615
564,Mark Jankowski,C,29.0,76,212,64.62170520631584,10.686527665627011,0.1857029189340395,1.687561075862623
565,Mark Kastelic,C,24.6,75,233,67.85412698289552,8.403180612896293,0.435017896018695,0.41583903420250456
566,Mark Scheifele,C,30.5,75,198,75.41973734036326,17.053687446269734,3.460054688829641,0.204148919317496
567,Mark Stone,R,31.4,75,217,61.95274285905475,14.350170824391244,2.309634944693675,0.8846558965737641
568,Markus Niemelainen,D,25.3,78,190,49.1572226254674,11.551723797495017,0.206790906929585,1.1680529237108668
569,Martin Fehervary,D,24.0,74,199,70.36704003042496,18.394453986899624,0.2543244417950254,1.8220286470296267
570,Martin Kaut,R,24.0,74,190,55.03224830321332,8.874989497000875,0.9588940616399166,0.14455692728709013
571,Martin Necas,C,24.7,74,189,76.32082491519537,15.423219632299414,2.8626859520104526,0.7834766985859236
572,Mason Appleton,C,27.7,75,197,66.23352106023025,14.096761358030443,0.3810280596672111,1.8603704513921315
573,Mason Marchment,L,28.3,76,210,64.19125964087024,14.31201764958158,1.4910127414136392,0.16670228014326294
574,Mason McTavish,C,20.7,72,213,68.36538641980982,10.776107736779387,1.9584793274931915,0.0
575,Mason Shaw,C,24.9,70,184,65.70796608152531,9.86257635257887,0.324541040347102,1.2417424844286606
576,Matej Blumel,R,23.3,72,200,41.592842569346274,10.994505118595988,0.7470980760683132,0.15290352234766047
577,Mathew Barzal,C,26.4,73,190,70.73889762643188,15.967296852555222,3.3077058966295727,0.231744625023396
578,Mathieu Joseph,R,26.6,73,187,69.84360331676675,11.73818929757606,0.6438108678320928,2.1230357178330523
579,Mathieu Olivier,R,26.6,73,217,70.14102721263436,11.270157284136175,0.2205292474256819,0.6362430920164435
580,Matias Maccelli,L,23.0,71,176,65.43269854707253,12.575933548440354,1.7710097696797855,0.16277415344200796
581,Mats Zuccarello,R,36.1,68,181,69.4792770517461,15.461777854805142,3.173842552310906,0.05738934515073024
582,Matt Boldy,L,22.5,74,201,65.64299638149393,14.59641021651091,3.54596689267522,0.37034337055538447
583,Matt Coronato,R,20.9,70,183,35.58867572033436,10.074030475095132,0.4822103500518673,0.0
584,Matt Duchene,C,32.7,71,195,68.52990931014902,15.081948800402046,2.7471211162562588,0.06677602894712742
585,Matt Dumba,D,29.2,72,181,71.08388471378754,19.508692495532056,0.5320441753171756,1.9707824496807973
586,Matt Grzelcyk,D,29.7,70,176,69.04460513904056,17.187946178946905,0.7929364147135658,0.5663184569666939
587,Matt Irwin,D,35.8,74,200,68.77220033834298,11.129853016514506,0.0,0.6685743632627759
588,Matt Kiersted,D,25.5,72,181,47.99325864376161,12.8153316381376,0.3457501970948911,0.8469401225748967
589,Matt Luff,R,26.4,74,196,50.24180805132906,10.08366294180449,0.2724084361488503,0.17911358681047063
590,Matt Martin,L,34.4,75,220,74.32298038857209,10.904471311608296,0.0,0.08330090100105192
591,Matt Nieto,L,30.9,71,187,68.68611189561513,11.804427233127823,0.3015873051315667,1.8418707855653451
592,Matt Roy,D,28.6,73,205,71.47256951223837,17.51459966338247,0.2109399774707181,2.1240248358337075
593,Matthew Benning,D,29.4,73,203,72.36328459053287,16.307683243171148,0.6092546106797099,2.618148185451824
594,Matthew Highmore,C,27.6,71,188,43.86541751180421,11.587506491022143,0.3797199129221607,1.0106489356093027
595,Matthew Kessel,D,23.3,74,205,37.92717283361067,15.109443357778026,0.6846333922413876,1.0191647868454403
596,Matthew Knies,L,21.0,74,210,36.56984323610381,10.08846549516718,0.5197818998367378,0.0
597,Matthew Phillips,C,25.5,67,140,42.33781638264483,11.58778852200702,1.086366401745772,0.3403978628041818
598,Matthew Tkachuk,L,25.8,74,201,77.5244785701381,16.083492886443004,4.135332401348982,0.49257930002392525
599,Mattias Ekholm,D,33.4,76,215,73.26788596497659,17.902878516739,1.145951021882214,2.492633431368916
600,Mattias Janmark,C,30.8,73,205,71.78541503234966,13.003948136890036,0.3331236557229495,1.7627348477621143
601,Mattias Samuelsson,D,23.5,76,231,56.4601296262809,19.02091350296329,0.3156034154109604,2.6287392655980644
602,Matty Beniers,C,20.9,74,178,68.80357395816623,12.392828114850891,1.841595427277774,0.0
603,Max Comtois,L,24.7,74,210,67.73950602081901,13.610169551914334,1.425666482373915,0.3222991563805572
604,Max Domi,C,28.6,70,194,75.79655098291587,14.633335295190822,2.5771246684047764,0.16224657043890867
605,Max Jones,L,25.6,75,216,70.58799763190513,12.265984182887742,0.4782419117555714,0.2224815445586149
606,Max Pacioretty,L,34.9,74,217,45.0670625643276,12.42995446426692,1.7661927599679696,0.0
607,Max Willman,C,28.6,72,184,47.27003289981469,11.086598034854108,0.1678063377979943,0.4485085092126806
608,Maxence Guenette,D,22.4,73,181,36.32384699718346,14.590506711766537,0.6685150178790591,0.8689620803310425
609,Maxime Lajoie,D,25.9,73,196,41.02205847640735,14.276401750238811,0.6284109955103088,1.0567806679391971
610,Michael Amadio,"C, R",27.4,73,204,66.93506668264254,11.838902742848012,0.6026548042417044,0.1899612637181094
611,Michael Bunting,L,28.0,72,192,77.54483797173945,13.882307813619644,1.7287068554729954,0.17634888354107647
612,Michael Carcone,L,27.4,69,170,46.67914151687897,12.12006993655998,0.6482040002438652,0.2673967234801131
613,Michael Eyssimont,C,27.1,72,180,65.38626716892367,11.720015281980514,0.7977906609244843,0.23050744821670743
614,Michael Kesselring,D,23.7,76,190,41.49048772054409,15.212078490540732,0.6150057137997245,1.2146532678216366
615,Michael McCarron,R,28.6,78,232,56.90475236259155,9.535494770860176,0.2037860876677086,1.187985908396354
616,Michael McLeod,C,25.7,74,190,75.76131048460648,12.01438239159002,0.313678483761159,1.3936313686564146
617,Michael Pezzetta,L,25.6,73,210,63.71585286485424,9.139983219429318,0.2778092272383021,0.5551422721625136
618,Michael Rasmussen,C,24.5,78,211,67.02306961616895,13.60790944852094,0.965724326231431,1.5668177741665996
619,Michael Stone,D,33.3,75,210,63.619974219401286,12.489371776018904,0.0,0.6144322626963672
620,Mika Zibanejad,C,30.5,74,202,78.26617373203399,14.734176988151406,3.3227630877165257,1.914774331970182
621,Mikael Backlund,C,34.5,72,206,76.52926018698982,13.85442226342422,1.5944155192873055,1.8845266386222699
622,Mikael Granlund,C,31.6,70,185,75.54955471883628,14.356669775203496,2.587855374313974,1.3603860697261587
623,Mikael Pyyhtia,L,21.8,72,166,37.599117342803964,10.569673237604604,0.6702117350700985,0.0
624,Mike Hardman,L,24.7,74,205,44.023330360437726,10.10253479055505,0.4049496787146704,0.11833702495749931
625,Mike Hoffman,L,33.9,72,190,69.97470327821458,13.151837032527371,2.3025225635906983,0.03680831188926148
626,Mike Matheson,D,29.6,74,193,64.88174889211808,18.961515665815245,2.479736398023495,1.8686009192321793
627,Mike Reilly,D,30.2,73,196,46.50897672012361,17.039090783954595,0.3497936711342559,1.0480080986037408
628,Mikey Anderson,D,24.4,72,195,70.61126403156008,19.76854341351868,0.3075380975988115,2.3675796021030364
629,Mikhail Maltsev,L,25.6,75,198,43.66034553162295,9.887956990685682,0.3606964389612779,0.2170945296220982
630,Mikhail Sergachev,D,25.3,73,217,75.62554965882975,19.53912207727368,2.414357800345772,2.3304225725074255
631,Mikko Rantanen,R,26.9,76,215,76.1800576195616,18.055606521998527,4.10738742035191,0.21065959019394453
632,Milan Lucic,L,35.3,75,240,75.46957541188856,11.047176564096617,0.2729750882085553,0.0
633,Miles Wood,L,28.1,74,195,75.16254570368149,11.191340448439844,1.1805430033852236,0.2126300604778062
634,Milos Kelemen,L,24.2,74,210,46.08042271626469,10.38305002474299,0.6650314347875779,0.22744249881222667
635,Miro Heiskanen,D,24.2,73,195,73.67209166849238,21.240711578238017,3.1306516351329483,1.8629967385957036
636,Mitchell Marner,R,26.4,72,181,75.81667279767086,16.313436609934037,3.513393487204458,2.198235559728039
637,Morgan Barron,C,24.8,76,220,70.24349323791508,11.499649873762737,0.2679153032452963,1.365822740377715
638,Morgan Frost,C,24.4,71,170,69.32758084780488,13.802352690888922,2.216037270686812,0.37924632899484334
639,Morgan Geekie,C,25.2,75,200,68.11479647912576,10.616718587927434,0.5804174638117645,0.7925262936633625
640,Morgan Rielly,D,29.6,73,222,73.49178380943668,18.567160261183822,2.849050018687328,1.2299101068582845
641,Moritz Seider,D,22.5,76,204,74.51196348983433,17.940692405862777,3.040998456480616,2.4594807882115566
642,Nate Schmidt,D,32.2,72,195,73.90677588846779,16.5014835070168,1.4068316648856,1.2498981624668144
643,Nathan Bastian,R,25.8,76,205,63.22458224021689,11.213008053326208,1.1423748277885977,1.2601083439665053
644,Nathan Beaulieu,D,30.8,74,200,64.84329854561574,13.547474011578302,0.0,2.1885608565441186
645,Nathan MacKinnon,C,28.1,72,200,70.7995747930953,18.09851066462131,3.9858814372773583,0.2262895639631779
646,Nathan Smith,C,25.0,72,177,42.65775696025304,11.473899781145183,1.064013780407651,0.2661545524709328
647,Nathan Walker,L,29.6,69,187,67.28822662280967,9.7981882055156,0.1871954377849785,0.6001056428746506
648,Nazem Kadri,C,33.0,72,185,75.67996259733481,14.123341591803554,2.8531019605321646,0.16527696012875726
649,Neal Pionk,D,28.2,72,185,76.09492039877715,18.80128477733429,1.934909796040598,1.6996724122966345
650,Nic Dowd,C,33.3,73,193,70.1858369369926,11.29357091561883,0.0,2.1619913033710425
651,Nic Petan,C,28.5,69,175,47.65246615204315,10.34293075983691,0.8132705251011634,0.19074080489950085
652,Nicholas Paul,L,28.5,75,223,77.30563362340469,13.488067622233144,1.0960006190418363,1.4545876489857483
653,Nicholas Robertson,L,22.1,69,183,43.49017004376228,9.311317498238608,0.6789030889026477,0.0
654,Nick Abruzzese,C,24.3,71,183,41.14222228567436,11.425683892655428,0.913591613622914,0.2669734615587861
655,Nick Bjugstad,C,31.2,78,209,69.61443284964604,12.888829641138772,0.5381153432069972,1.5092404759724403
656,Nick Blankenburg,D,25.4,69,177,54.82994116473226,16.427094926473877,1.1964840394016254,1.1546330775954918
657,Nick Bonino,C,35.4,73,195,71.1956699703452,11.85850967043006,1.372921959810371,1.9617291432062562
658,Nick Cicek,D,23.3,75,201,44.05411985384261,14.52505522555555,0.5399305850186435,0.891518924959307
659,Nick Cousins,C,30.2,71,192,73.90226721937283,11.280097549016796,0.583568615285766,0.14214549278642352
660,Nick DeSimone,D,28.9,74,185,43.32346397146152,15.873973858796305,0.3490718844927623,1.436261767589
661,Nick Foligno,L,35.9,72,210,65.96564042792437,11.053114908761406,1.1270417329192308,0.3516931309363043
662,Nick Holden,D,36.4,76,210,70.59656394125057,13.998151275788477,0.0,2.374810791794857
663,Nick Jensen,D,33.0,73,205,74.80529705066834,17.583914414230136,0.0,2.405547543225849
664,Nick Leddy,D,32.5,72,205,75.7621849242159,19.08075424867048,0.6785728451824045,1.3280506216573635
665,Nick Perbix,D,25.3,74,191,68.98440211493877,15.17460931767059,0.3545117248858207,0.3817308058260913
666,Nick Ritchie,L,27.8,75,236,72.0813091823437,12.01128275928527,2.280192242623313,0.1792942488035455
667,Nick Schmaltz,C,27.6,72,181,69.51778353346883,16.185868516157452,2.905023873928243,0.6605616937101917
668,Nick Seeler,D,30.3,74,201,65.67612627753054,13.67023467452992,0.0129819864341524,1.1744003843765705
669,Nick Suzuki,C,24.1,71,208,77.56364361686087,16.72544391343097,3.3533215414218933,1.5995222932579203
670,Nick Swaney,R,26.1,70,178,42.41370782311391,11.821867695429692,0.9834875400922573,0.37773014411673567
671,Nicklas Backstrom,C,35.9,73,202,58.844211550804815,11.134802236962306,2.009597398796365,0.0
672,Nico Hischier,C,24.7,73,175,73.52142083798111,14.50790261666171,2.9663992975546325,1.9375126879826228
673,Nico Sturm,C,28.4,75,209,73.70438238827586,12.01877952929338,0.6801123168072121,1.7502445493256373
674,Nicolas Aube-Kubel,R,27.4,72,207,68.62878493738337,11.594646879877374,0.1989569826633759,0.30483303057798794
675,Nicolas Deslauriers,L,32.6,73,220,75.3908101049829,9.785232754302315,0.0,0.7239135595034241
676,Nicolas Hague,D,24.8,78,230,70.17717281764561,17.858924232504236,0.2871109941264467,1.2183368770607685
677,Nicolas Roy,C,26.7,76,202,72.11258364564485,13.734165969148108,1.7636341979800365,1.2455625703155149
678,Nikita Alexandrov,C,23.0,73,177,50.42604804730767,9.868466103301452,0.4482986211135957,0.0495946901833183
679,Nikita Kucherov,R,30.3,71,181,69.24358728229065,15.57865056172848,3.719557438176096,0.1468196535571119
680,Nikita Nesterenko,C,22.1,74,183,40.97581666134296,10.887722131461125,0.6083283317084962,0.0
681,Nikita Okhotiuk,D,22.8,73,195,40.77999131869117,13.997170334974058,0.5331888137416303,0.715656799089559
682,Nikita Soshnikov,R,30.0,71,190,45.09156435057345,11.483384180985166,0.7775355587124952,0.42009030762584254
683,Nikita Zadorov,D,28.5,78,248,75.60138654555143,17.04473611136813,0.1982125573756135,2.0551429060015094
684,Nikita Zaitsev,D,31.9,74,192,65.62453828855617,15.537894483203967,0.0,2.3324926994797255
685,Niko Mikkola,D,27.4,76,209,64.66564270178907,16.11265260786488,0.1104707931066986,1.9289536391942925
686,Nikolai Knyzhov,D,26.5,75,222,45.379609854108935,15.810626617779803,0.1340120282483503,1.155832733112108
687,Nikolaj Ehlers,L,27.6,72,169,63.75202544030115,14.05831992716828,2.692594151299335,0.180480078980084
688,Nils Aman,C,23.6,74,179,68.03200421327931,11.040146334200712,0.1441045381830188,0.9760774277933619
689,Nils Hoglander,L,22.8,69,185,48.7960850571186,11.227332762525416,0.6757788453722984,0.0
690,Nils Lundkvist,D,23.2,71,190,62.82800576868004,14.208615133564862,1.4291155059980591,0.08152960407013743
691,Nino Niederreiter,R,31.1,74,218,76.07152238492205,13.9497528482784,2.165062434226648,0.10774433477777179
692,Noah Cates,L,24.7,73,165,75.09287294580703,13.67572572450361,1.8174656102114024,1.5889577517660372
693,Noah Dobson,D,23.7,76,194,72.51806739238565,17.592009163126633,3.095157874559442,0.9098387715317162
694,Noah Gregor,C,25.2,72,190,61.84745547116802,13.213216681784056,0.7190523349301143,0.4041666173485293
695,Noah Hanifin,D,26.7,75,207,74.29954049050309,18.84488085223031,1.8701530171637104,2.183394710566704
696,Noah Juulsen,D,26.5,74,201,45.35444392697088,14.937832732378377,0.3452143491104038,1.3372501946553557
697,Noel Acciari,C,31.8,70,209,76.19019740395925,11.773498524154622,0.0,1.4501793625055348
698,Nolan Foote,L,22.8,75,196,40.9011451671839,9.998531012176043,0.5293146956022108,0.03326989659707591
699,Oliver Bjorkstrand,R,28.5,72,175,78.03070773561679,14.275622557803356,2.410781366630687,0.16803622200060464
700,Oliver Ekman-Larsson,D,32.2,74,200,67.9567051720766,17.77890192768807,1.514927673154368,1.3775974701485005
701,Oliver Wahlstrom,R,23.3,74,204,53.72176625667112,10.316103155923802,1.242452277008128,0.0
702,Olle Lycksell,R,24.1,70,163,43.40418112729292,11.315619160913537,0.7602946039015457,0.21762386804249179
703,Olli Maatta,D,29.1,74,207,69.56354766133023,17.292921913525937,0.0707957058974666,1.764551067363072
704,Ondrej Kase,R,27.9,72,187,43.60092892708387,11.882897245626909,1.010788133744207,1.1949988762837591
705,Ondrej Palat,L,32.5,72,194,68.83271772384748,13.968303196884492,1.6499341254794446,0.16116462292427813
706,Oskar Lindblom,L,27.1,73,191,74.29027247621372,10.80491786379961,0.648341846886024,0.9295493843773541
707,Oskar Olausson,R,20.9,73,180,35.60895932150113,9.93156179620987,0.484072497784735,0.0
708,Oskar Steen,C,25.6,70,193,42.8278690693611,11.235191802712992,0.6659584080523269,0.323894697078299
709,Oskar Sundqvist,C,29.5,75,220,63.53886984869369,11.735711104208038,1.651050539676534,1.1433830546060724
710,Otto Koivula,L,25.1,77,225,44.46928435564689,9.565750402654484,0.6898101615984507,0.2710822134879186
711,Owen Beck,C,19.7,71,190,33.177909519220904,9.071785869677358,0.2588767269722589,0.0
712,Owen Power,D,20.9,78,218,67.22195779729407,17.42773267968699,1.859385965303873,0.3899941487139391
713,Owen Tippett,R,24.6,73,207,70.25264750054465,14.567543990181743,2.2834252979205547,0.5060198321404173
714,Parker Kelly,L,24.4,72,190,58.02969546229036,9.228213864603935,0.3034452307131634,1.9338775541588529
715,Parker Wotherspoon,D,26.1,73,190,45.06022505025933,15.436221553057242,0.5060556859193017,1.1702379896268362
716,Pat Maroon,L,35.4,75,234,75.6797208503471,10.167476834295266,0.2016529627052774,0.0
717,Patric Hornqvist,R,36.7,71,189,51.19237720593487,7.020292665095408,0.6548439339729808,0.0
718,Patrice Bergeron,C,38.2,73,196,71.93398309600757,11.98439633888141,2.852646408403551,1.5354954125821014
719,Patrick Brown,C,31.3,73,210,62.18705110136901,10.067644019358568,0.070729743250427,1.2398704596260548
720,Patrick Kane,R,34.9,70,177,73.74364567278758,16.190663086567856,3.186404464070179,0.017796177367441657
721,Patrik Laine,L,25.5,77,205,64.29688646072688,16.336367832138716,3.33416911809656,0.22413146539653162
722,Patrik Nemeth,D,31.6,76,230,71.74856244052353,15.221975092749238,0.0,2.777180127962908
723,Paul Cotter,C,23.9,74,212,62.8596561219299,12.059845708700788,0.4002012483525059,0.017182924264461885
724,Paul Stastny,C,37.8,72,193,71.13516394750646,10.986854782928962,1.3549587887116084,0.06342721345983371
725,Pavel Buchnevich,L,28.5,73,196,71.92548196888298,15.067244780233905,2.750121263214495,1.811120818844837
726,Pavel Dorofeyev,L,22.9,73,194,46.07243323962596,11.16535271021581,1.0511369085640965,0.03627915095649559
727,Pavel Zacha,C,26.5,76,199,74.65397693690353,13.92130086302906,1.9804980274647328,1.306795817959815
728,Pavol Regenda,L,23.8,76,212,45.57372241921402,10.864797321985362,0.8410834688665167,0.17131977503223517
729,Peyton Krebs,C,22.7,72,187,66.41540807833248,12.72938160477647,1.4349091171770918,0.7484578668904895
730,Phil Kessel,"C, R",36.0,71,208,76.306061638867,11.834393360061007,1.4707147447455222,0.0
731,Philip Broberg,D,22.3,75,199,55.495573997797806,10.97954564834723,0.2715217544137389,0.6220911800635573
732,Philip Tomasino,C,22.2,72,179,50.403133026728455,10.149773904336634,1.3607877683558516,0.0
733,Philipp Kurashev,C,24.0,72,190,71.06237900551216,14.66165960618576,2.039585315192664,0.8383566302148442
734,Philippe Myers,D,26.7,78,219,45.05307523860952,15.584540535444765,0.1407037749075264,1.3432070827177451
735,Phillip Danault,C,30.6,73,200,77.09515835337457,14.652161226736446,1.847854211180561,1.7542968048551195
736,Phillip Di Giuseppe,L,30.0,72,193,56.42985271545607,11.824125474286248,0.2370421696470981,0.6055126544000962
737,Pierre Engvall,L,27.3,77,219,72.78869046756478,12.662086243608377,0.962414684762746,0.6151326457361466
738,Pierre-Edouard Bellemare,L,38.6,71,198,71.55414301372141,8.823584976812581,0.0,1.9926218038611294
739,Pierre-Luc Dubois,L,25.3,76,214,73.15195016487277,15.447572220599431,3.4373329758712408,0.28700364745497986
740,Pierre-Olivier Joseph,D,24.3,74,185,70.56215054054977,14.099288214807505,0.9716743010035882,0.35664932680310235
741,Pius Suter,C,27.4,71,179,77.33843132603494,13.374565975177704,0.5379936013170545,1.5568513249178881
742,Pontus Holmberg,R,24.6,72,202,56.10466022732947,10.196949979968172,0.6404854028205487,0.19152265560751947
743,Quinn Hughes,D,24.0,70,180,74.74739260493344,20.789283211495743,3.9875349972230327,1.479654970971143
744,Quinton Byfield,C,21.1,77,220,54.12503037611791,13.085678089917442,1.412197928364075,0.32927240426185334
745,Radek Faksa,C,29.7,75,225,77.1427184991378,12.598882432027196,0.4204040262588149,1.8228030861030269
746,Radim Simek,D,31.0,72,204,61.45921769124458,13.704103746438756,0.0,1.0135744940772202
747,Radim Zohorna,L,27.4,78,220,47.13044039504707,9.962308831211171,0.7997033764137902,0.2398454287740468
748,Radko Gudas,D,33.3,72,208,74.06510099103546,15.251591544314753,0.0,2.286070676473537
749,Rafael Harvey-Pinard,L,24.7,69,181,55.027449709738846,12.982850718504697,1.7080255815939789,1.0371973125980902
750,Rasmus Andersson,D,26.9,73,202,76.65465843968784,19.18480262892325,2.8455568141344587,2.1760834568961296
751,Rasmus Asplund,C,25.8,71,185,62.07375174717277,11.513180979905904,0.5208905485371018,0.8579992700867731
752,Rasmus Dahlin,D,23.5,75,202,75.34155721828091,21.13116701418292,3.535431976073134,1.4230016587716225
753,Rasmus Kupari,C,23.5,74,200,64.83861874392123,10.018695649873784,0.4221909185930705,1.1026866567518585
754,Rasmus Ristolainen,D,28.9,76,221,70.90955369825163,17.31351543921042,0.8643167305663653,2.211879583960981
755,Rasmus Sandin,D,23.6,71,182,63.55887765572498,17.287878453364026,1.879213668712194,0.6228920630927106
756,Reese Johnson,C,25.2,73,193,65.18474328355848,10.052495643477728,0.2263456781110249,1.0164348647435608
757,Reilly Smith,R,32.5,73,185,71.35598010143855,13.782273382534877,1.8711908648229143,1.3322214488889845
758,Rem Pitlick,C,26.5,71,186,63.13412203880334,12.021447937121373,1.1971342955513342,0.5761863071974727
759,Rickard Rakell,R,30.4,73,195,75.20944023161387,15.48266051374093,2.922883087259476,0.11484081702756632
760,Ridly Greig,C,21.1,72,183,44.05471678601752,10.068900854395524,0.6927588105407063,0.0
761,Riley Sheahan,C,31.8,74,214,44.70271501572829,9.377111022438855,0.0,1.7431044258645836
762,Riley Stillman,D,25.6,73,196,58.83796363021439,14.469195641359196,0.175984691144627,1.282786238371656
763,Riley Tufte,L,25.5,78,230,42.747556115948,10.646900338229454,0.7670639490515212,0.2887110356187442
764,Robby Fabbri,C,27.7,71,185,54.83356651423283,13.940546849563944,2.688698220894389,0.20702654522254937
765,Robert Bortuzzo,D,34.5,76,216,62.21769460109629,11.56347476240684,0.0,1.8129813206273568
766,Robert Hagg,D,28.6,74,210,57.88183404190714,14.825022694461705,0.0,1.6803484217646287
767,Robert Thomas,C,24.2,72,218,67.6950748008579,15.571482681733483,2.8636893043794185,1.1920384127786932
768,Robin Salo,D,25.0,74,190,43.66505271664212,14.387637715405592,1.100988644542351,0.5987507877635241
769,Roland McKeown,D,27.7,73,195,43.55293845048178,15.852735136167611,0.4478238614091485,1.4048670399448535
770,Roman Josi,D,33.3,73,201,71.40336143646141,20.59721007496772,3.0581763142853244,0.9835206000129206
771,Ronnie Attard,D,24.5,75,208,39.36285765599014,15.221075568581576,0.8579050385329667,1.1533528435336913
772,Roope Hintz,C,26.9,75,215,72.11465718593905,14.452652712313462,2.973981615932537,1.055122175226552
773,Ross Colton,C,27.1,72,194,71.03540423872671,11.649380256260176,1.350450361481388,0.18911833830273705
774,Ross Johnston,L,29.6,77,230,50.48780745669896,9.581434583451552,0.1130825771302985,0.17576969986615254
775,Rourke Chartier,C,27.5,71,190,45.4908115611256,11.563214384508267,0.8904429167659524,0.5573327084318693
776,Rudolfs Balcers,L,26.5,71,182,49.456957349650025,12.732335774692077,0.470967824265903,0.9218328355243242
777,Ryan Carpenter,C,32.7,73,198,52.95068292196336,9.031722892790928,0.0,1.4019864124983923
778,Ryan Donato,C,27.5,72,190,72.93344011388359,11.504142308361644,0.9797446624290248,0.21283499258835126
779,Ryan Graves,D,28.4,77,220,74.82551701481339,17.962129201635676,0.0833825574629825,2.5580658011581683
780,Ryan Hartman,R,29.0,72,197,71.84898939212147,14.44702204595038,1.479936574273046,0.9398922870722494
781,Ryan Johansen,C,31.2,75,218,68.97881425753808,12.999568079179468,2.9725801833469645,0.22103891095455963
782,Ryan Lindgren,D,25.6,72,190,70.49091231596232,17.805481627756944,0.1793731565901517,2.2967701150067916
783,Ryan Lomberg,L,29.1,69,187,67.96125299332809,11.01988607164074,0.2018671362819613,0.529719791107127
784,Ryan McDonagh,D,34.3,73,215,71.40152656966,18.22382621862579,0.020920620043825,2.8170907381520163
785,Ryan McLeod,C,24.0,74,207,66.27485960281489,11.94590459777463,1.1092652801154372,1.5249877625248518
786,Ryan Murray,D,30.0,73,206,47.72146731031268,13.552236365581289,0.0,1.2478253296924142
787,Ryan Nugent-Hopkins,C,30.5,72,195,73.90270386460492,14.352844763228436,3.7063737484139287,1.8113028109372769
788,Ryan O'Reilly,C,32.6,73,207,70.18201433631407,14.676979607614816,1.874327766721448,1.60176123218685
789,Ryan Poehling,C,24.7,74,196,61.90434397616454,10.124968761736191,0.5556249324997666,1.9685881555575362
790,Ryan Pulock,D,29.0,74,216,73.02610667683535,18.700955002170225,1.1517594161035791,1.7938619369573279
791,Ryan Reaves,R,36.7,74,225,66.47682932303528,9.28228108002804,0.0,0.0
792,Ryan Strome,C,30.2,73,191,77.01202526929713,14.916913574567868,2.268900658246144,0.4179716877682429
793,Ryan Suter,D,38.7,73,205,74.23641422555582,16.937607596218456,1.3487636637548492,1.20579641273395
794,Saku Maenalanen,R,29.3,76,214,70.57907632271092,9.193347152760769,0.1378339429200366,1.313716794039367
795,Sam Bennett,C,27.3,73,195,69.9305784025011,14.36762109882576,2.105517941668566,1.2385615378958241
796,Sam Carrick,C,31.7,72,200,64.77333416014922,9.711445899188565,0.1544294874402374,0.7393345099827262
797,Sam Gagner,C,34.1,71,201,65.32578884882517,10.781796190069466,1.2589562487427002,0.37885588948685567
798,Sam Lafferty,C,28.6,73,195,65.2981971225395,12.302903648547876,0.6094180547487673,1.4529403627331747
799,Sam Poulin,R,22.6,73,208,39.28876411950357,10.783843689186943,0.769039112314464,0.08144976027887962
800,Sam Reinhart,C,27.9,74,193,77.36524209979316,15.040210395789977,3.791347923088315,1.1905209952938203
801,Sam Steel,C,25.7,71,184,67.94101925705651,13.704580362589944,1.0284377793492117,0.903595956440406
802,Sammy Blais,L,27.3,74,206,72.66429382992344,11.18248975190036,0.9638087939371044,0.19533377448424694
803,Sampo Ranta,L,23.3,74,195,41.592842569346274,10.22070289281781,0.846953420203749,0.14922597627364065
804,Samuel Bolduc,D,22.8,76,220,43.78161835405129,13.998619059040974,0.964554072441557,0.6157121579352169
805,Samuel Fagemo,L,23.5,72,200,43.13431020365822,10.637830898136457,0.7318581345418809,0.18512013929503612
806,Samuel Girard,D,25.4,70,170,70.65564377686928,19.69797762381984,1.4919367137767017,1.5169365538432582
807,Samuel Knazko,D,21.1,73,198,34.58251270447292,13.85765453352857,0.5672098395825351,0.5794434190519304
808,Samuel Walker,C,24.3,70,180,44.07209003260229,11.356428094112829,0.7585492445047091,0.23055305813660498
809,Scott Harrington,D,30.6,74,204,61.73432154097685,15.917990114647884,0.0,0.8966077798374479
810,Scott Laughton,C,29.3,73,190,74.10137713500684,14.541277714295068,1.447167836277489,2.0189108817070034
811,Scott Mayfield,D,31.0,77,220,74.15438250380765,18.22789942047365,0.0,2.554656086049072
812,Sean Durzi,D,24.9,72,195,68.18908065954137,16.589889428771443,2.143290738821279,1.6241144971656674
813,Sean Farrell,C,21.9,69,175,39.48217379247578,10.726161303931203,0.7045923567733383,0.0
814,Sean Kuraly,C,30.7,74,213,72.53511015937059,12.959328081473569,0.1478082455944731,2.092752408806371
815,Sean Monahan,C,29.0,74,196,54.1014953119986,11.942758903425982,2.3978029914547725,0.6022004042574489
816,Sean Walker,D,28.9,71,195,71.8060398215139,14.342337803434807,0.0754580565786564,1.2364962301929179
817,Sebastian Aho,C,26.2,72,176,71.90228016747037,15.224938886840214,0.8021638310249071,0.6201507023437693
818,Semyon Der-Arguchintsev,C,23.0,70,188,39.09265959737809,11.041550501355712,0.8022484777992052,0.14582197571630717
819,Seth Jarvis,C,21.7,70,175,70.6173145453431,14.189492208238343,2.088359270777304,0.3675902402068172
820,Seth Jones,D,29.0,76,213,74.62839740955542,19.97433498497453,2.9895984390542907,2.0330006071810285
821,Shane Bowers,C,24.2,74,186,40.54532853740022,11.328848936547825,0.8884264028085105,0.2592722581223633
822,Shane Pinto,C,22.9,75,201,72.87783155542427,12.591618944327196,1.8608899956517064,0.26290716956856475
823,Shane Wright,C,19.7,72,192,36.284584302135535,8.597853124337732,0.2130070056960018,0.0
824,Shayne Gostisbehere,D,30.4,71,180,71.89908962511288,17.894318746401513,2.6104023980008058,0.8524309146500244
825,Shea Theodore,D,28.2,74,197,69.63573436688706,19.672725198715,2.3594471089056364,0.5058901681301924
826,Sheldon Dries,C,29.4,69,180,70.18295627600378,9.882442710850263,1.4015850770395528,0.5006992316095744
827,Sheldon Rempal,R,28.2,70,165,43.71864188723698,11.551807815643905,0.8767422033203374,0.4004831558899764
828,Sidney Crosby,C,36.2,71,200,73.5604869906423,15.925827957727062,3.3402182093271664,0.035888442261932885
829,Simon Benoit,D,25.0,75,203,66.93219810579488,16.177898970999664,0.1923122477219205,2.54144611979467
830,Simon Edvinsson,D,20.7,78,209,36.59713321858281,13.616226698210106,0.4450452687839432,0.32798486205382016
831,Simon Holmstrom,R,22.4,74,205,58.657447995553866,9.98124150525392,0.028266784274036,0.0
832,Sonny Milano,L,27.4,72,194,68.69655279839856,12.414178756786391,1.1457215920643156,0.18677714831543357
833,Spencer Stastney,D,23.7,72,184,41.088377606729935,15.362065196768269,0.6227217846994098,1.1638534268100924
834,Stanislav Svozil,D,20.7,72,183,33.686950030983155,13.634519712764362,0.5877668042978534,0.4461793753727106
835,Stefan Noesen,R,30.6,73,205,76.6487245598189,9.571296789357174,2.420186691530079,0.1442324501264891
836,Steven Fogarty,C,30.5,75,204,44.72761709548084,10.489075312581251,0.4592554813289027,0.34621969920995443
837,Steven Lorentz,C,27.5,76,206,72.49660309405843,10.912285748552506,0.3998975290968418,1.1354882828381812
838,Steven Santini,D,28.6,74,209,43.1764019198035,15.57918000284506,0.3237295172332988,1.377328474462164
839,Steven Stamkos,C,33.6,72,182,72.38734681910259,14.449163812998783,3.607914911775492,0.37363076860863986
840,T.J. Oshie,R,36.8,72,187,62.35166431081132,13.225340699393872,2.7882364133579847,0.1244718133376077
841,TJ Brodie,D,33.3,74,187,72.25084540632264,18.33175845610917,0.0307077724387037,2.5314086399947455
842,Tage Thompson,"C, R",25.9,78,220,71.94287052599852,14.998148804962488,3.157651191133401,0.6648206122843743
843,Tanner Jeannot,L,26.3,74,208,75.8026541325499,12.3063298842073,0.6086444044506385,1.9323446123616255
844,Tanner Laczynski,C,26.3,73,190,55.64410598446587,9.901549710848832,0.4736892277491529,0.3916730179468755
845,Tanner Pearson,L,31.1,73,201,49.78585654008128,12.75737397356507,1.340329154317995,0.647470119572187
846,Taro Hirose,L,27.3,70,162,44.09253882098225,10.215656939278508,2.2112307001382505,0.1863865936819714
847,Taylor Fedun,D,35.3,73,200,44.38402044525098,12.816268067571476,0.0,0.5422010797881212
848,Taylor Hall,L,31.9,73,210,72.12888211939996,13.96411974927648,2.231982387458243,0.07672646269796912
849,Taylor Raddysh,R,25.6,75,198,74.20374726990684,13.0622491913551,2.733998318200948,0.2822046785709442
850,Teddy Blueger,C,29.1,72,185,67.59167845649328,11.769219099166127,0.1563937908296813,2.0302874269926074
851,Teuvo Teravainen,L,29.1,71,191,73.05872850318679,12.736894422013505,2.3830159321348297,1.6232837265184474
852,Thomas Bordeleau,C,21.7,70,175,40.041920995557234,11.118685734854385,0.9310566264192608,0.0
853,Thomas Chabot,D,26.7,74,195,67.86717837075184,21.700158302506992,3.617596162896074,0.6243941419653141
854,Thomas Harley,D,22.1,75,205,38.00288637818674,13.112257883626858,0.249470807023125,0.0
855,Thomas Novak,C,26.4,73,179,63.69146844869974,12.212414518336349,2.475341924035273,0.18720159626922772
856,Tim Berni,D,23.6,72,192,62.966531567772805,15.672242439362702,0.3189421402396843,0.41819514838786365
857,Tim St��tzle,L,21.7,72,193,73.63668026473529,16.57402799643679,3.9550388351434895,1.1528119215601982
858,Timo Meier,R,27.0,73,220,76.12066548800757,16.578390706255018,2.817902143456412,0.2897866019289195
859,Timothy Liljegren,D,24.4,73,192,65.65412865203767,16.313941202229877,0.5895195229889807,1.582992937348638
860,Tobias Bjornfot,D,22.5,72,200,40.29736995470447,14.149738349309237,0.2483096409808456,0.735701334305876
861,Tom Wilson,R,29.5,76,220,57.60261034393433,14.018231319937671,2.1605281928557907,1.5094606548248377
862,Tomas Hertl,C,29.9,75,215,76.28206711731877,16.051495626110807,2.8502529470177143,0.6301689515727407
863,Tomas Nosek,L,31.1,75,205,68.5665075769125,10.70820707411685,0.0441613612981213,2.1624702330943935
864,Tomas Tatar,L,32.8,70,173,75.11757746134434,13.36244876188358,1.535721834125238,0.04766955257742311
865,Tony DeAngelo,D,27.9,71,180,68.80370263970931,17.59675200276976,2.919906549586896,1.1516886575621443
866,Torey Krug,D,32.5,69,194,68.81692475237242,16.652591797808668,2.5509264670915464,0.3993983864563819
867,Travis Boyd,C,30.0,72,190,72.66082500609868,13.177211527421113,2.055844183348495,0.8574335892858904
868,Travis Dermott,D,26.8,72,202,45.11769645052587,14.820836499677585,0.1268509919377487,0.9504283519771217
869,Travis Hamonic,D,33.1,73,200,64.06077557480769,15.943023207778772,0.0,2.7319322270189574
870,Travis Konecny,R,26.6,70,175,71.08511773373948,15.613159029875815,2.9203951395662213,1.4480317967470306
871,Travis Sanheim,D,27.5,75,181,76.5770896850809,18.995715721649084,0.6049398194584958,2.0470001131643247
872,Trent Frederic,C,25.6,75,214,69.79442023856426,12.087462446658009,0.312632379116144,0.5963664158898673
873,Trevor Lewis,C,36.7,73,201,75.5356391294091,9.770305228637104,0.0,1.5163654725249662
874,Trevor Moore,"C, L",28.5,70,195,72.96637847534909,14.022761529560212,1.7572074921858378,1.2668107302143499
875,Trevor Zegras,C,22.5,72,185,73.07305982784379,16.055401646141636,2.875931684316042,0.28669411747245455
876,Trevor van Riemsdyk,D,32.2,75,191,73.34779889974821,15.73722377002154,0.1573380202485382,2.4361481960947216
877,Trey Fix-Wolansky,R,24.4,67,191,44.10972434054362,10.936196306064932,0.848117986552064,0.20258982859068775
878,Tristen Robins,C,21.9,70,176,38.16381018982463,10.664959867869957,0.6625827228636796,0.0
879,Troy Stecher,D,29.5,70,184,76.8339550370959,14.673036553969093,0.0,2.157739606203735
880,Troy Terry,R,26.1,72,185,72.09381222178214,16.518006426744623,2.67578755920821,0.3277107796147264
881,Tucker Poolman,D,30.3,74,199,43.52572561581244,16.03324568958272,0.0,1.6017998491152938
882,Ty Dellandrea,C,23.2,73,195,73.3140776737416,11.522432094912888,0.0636935965467391,1.588335839424108
883,Ty Smith,D,23.5,71,180,41.25855629758421,15.178868149578657,1.8174984095637945,0.17092369402744878
884,Tyce Thompson,R,24.2,73,175,41.02238466588481,11.047670352147067,0.7419613938572551,0.23650496725715808
885,Tyler Angle,C,23.0,70,171,39.45503830365496,11.106166646459185,0.7620789030848387,0.14864481537982
886,Tyler Benson,L,25.5,72,190,42.39351653152872,9.38073478885623,0.4697579475458673,0.1699633113816046
887,Tyler Bertuzzi,L,28.6,73,186,65.37406688696822,13.977321028536585,2.7601652087039428,0.27303139685025235
888,Tyler Johnson,C,33.2,68,185,67.10659889744801,12.650048376666422,1.8445239153507829,0.019443323454854555
889,Tyler Kleven,D,21.7,76,200,38.21328732485373,13.876236136130707,0.7141463587821517,0.6352906347983462
890,Tyler Motte,"C, L",28.6,70,192,66.2404373856351,10.7704336169545,0.3283131502983345,1.8660199789526672
891,Tyler Myers,D,33.7,80,229,76.61074976367044,18.40351469025921,0.1566053747382327,2.2521864811066634
892,Tyler Pitlick,C,31.9,74,200,69.46266925213655,9.374699633740978,0.0,0.20992073305445513
893,Tyler Seguin,C,31.7,73,205,76.27558126422683,13.360939273518111,2.067766198504762,0.8171467843673059
894,Tyler Toffoli,R,31.4,72,203,75.71467062864427,13.37635647665712,2.648313090627932,0.6876006910493313
895,Tyler Tucker,D,23.6,73,204,48.667219813146346,14.430259833962223,0.4404165918684466,0.7239989947600667
896,Tyson Barrie,D,32.2,71,197,77.05807930487397,16.545159892423893,2.872221150291794,0.7362927410113351
897,Tyson Foerster,R,21.7,74,194,39.97350073383933,10.917598193765988,0.8410566515171021,0.0
898,Tyson Jost,C,25.6,71,187,74.64894084150691,12.531040024151798,0.3749645504564944,1.5156496842511222
899,Urho Vaakanainen,D,24.7,74,200,48.633018770670525,16.389819931575094,0.3874669787905909,1.0329961586180554
900,Valeri Nichushkin,R,28.6,76,210,67.76183959299077,14.89612972529964,3.100122689024376,1.7017191400441085
901,Vasily Podkolzin,R,22.3,73,190,53.90754039482361,10.868105727299922,0.4236806770532095,0.0
902,Victor Hedman,D,32.8,79,244,75.95699928940041,19.21950397003453,2.551014916522479,1.916329963646306
903,Victor Mete,D,25.3,69,187,43.98318661066664,13.01108939596179,0.4966488488579985,1.4355210300289682
904,Victor Olofsson,L,28.2,71,181,75.11455504480655,12.879304472987384,2.5428432272571664,0.16482028588189201
905,Victor Soderstrom,D,22.6,71,184,49.08079672428014,13.894304342062252,1.017670009994541,0.2255353785059433
906,Viktor Arvidsson,"L, R",30.5,70,185,72.48971812074137,14.875756259743884,2.242616799051368,0.13988028789469564
907,Ville Heinola,D,22.7,71,181,40.54401526434427,13.816247256718922,0.8440919040376558,0.22179498956526777
908,Vince Dunn,D,26.9,72,200,71.74893499673107,20.10727020099654,2.574285597390662,0.8604146133415185
909,Vincent Desharnais,D,27.3,78,215,56.276363312464966,13.193762334978404,0.1468072406470097,2.015342681842925
910,Vincent Iorio,D,20.9,76,200,34.47899587704364,13.563178996133257,0.5322703860596412,0.49776286719100127
911,Vincent Trocheck,C,30.2,71,184,75.98843934846904,15.292146043986966,2.8561620497194573,0.9253005296084851
912,Vinni Lettieri,C,28.6,70,184,43.91837532130194,11.151325947730763,1.5061724192438448,0.2392092447161367
913,Vinnie Hinostroza,C,29.5,70,183,54.66070856260246,12.822904690509976,0.2051007763970136,0.46803803660812227
914,Vitali Kravtsov,R,23.8,75,186,58.11462343577402,10.72709800897305,0.5611372764259428,0.01894980944875435
915,Vladimir Tarasenko,R,31.8,73,228,72.61757202135513,13.806923539044911,2.2781877840548863,0.10911224091351046
916,Vladislav Gavrikov,D,27.9,75,221,74.52050221024935,18.9383473443516,0.3681704400021715,2.9205440600916304
917,Vladislav Kolyachonok,D,22.4,73,193,36.64032704370287,14.115122670949496,0.3166975219866588,0.47468487235205026
918,Vladislav Namestnikov,C,30.9,72,179,75.10772677305219,11.82447132533246,0.9897448048117944,0.8316937369461874
919,Wade Allison,R,26.0,74,205,67.10657816355477,12.594772860534505,0.4513243095239123,0.1638144282742674
920,Walker Duehr,R,25.9,74,210,53.15885773496876,10.836926631486357,0.6156604619099035,0.23088537984651503
921,Warren Foegele,L,27.5,74,198,74.23424583520989,12.528797900649716,0.5805966902624282,0.7094840200685169
922,Wayne Simmonds,R,35.1,74,184,50.41531659306524,7.108430995207302,0.0,0.0
923,Will Borgen,D,26.8,75,204,75.75186096293756,15.105156589778572,0.1595076557294485,1.647787235898169
924,Will Cuylle,L,21.7,75,211,38.21183694506006,10.103543199826348,0.5567801656110585,0.0
925,William Bitten,C,25.2,71,180,42.932233053496674,11.356617042511072,0.8984638073747433,0.32050104144725733
926,William Carrier,L,28.8,74,218,67.88608256961626,12.131738073089256,0.4658364838986748,0.27834331447662986
927,William Dufour,R,21.7,74,215,36.98756307523358,10.401022536628256,0.6082118076410006,0.0
928,William Eklund,L,21.0,71,181,38.694720781191926,10.774997526424684,1.2064008561557653,0.0
929,William Karlsson,C,30.7,72,190,75.62143873014915,14.500465565084,1.7783390022342105,1.5279828690787884
930,William Lockwood,R,25.3,71,172,46.76392089721476,11.148788543764482,0.5323475934187438,0.3569656039546095
931,William Nylander,R,27.4,72,204,77.10394712800803,15.188190253711928,3.4013241440919826,0.349771830433222
932,Wyatt Johnston,C,20.4,73,185,68.65802623526454,11.228899440427329,1.1261210231229075,0.0
933,Wyatt Kaiser,D,21.2,72,173,37.64061182568446,14.041319261533872,0.5074652252346397,0.6635066512207977
934,Yakov Trenin,C,26.7,74,201,73.81274031451244,13.07540882383658,0.5547720926644153,1.812676320716438
935,Yanni Gourde,C,31.8,69,174,76.40427002488566,14.506969312960324,0.8521061964255099,1.8236452238278944
936,Yegor Chinakhov,R,22.7,73,204,50.7227449690592,10.733243223878922,1.0782428536750732,0.0
937,Yegor Sharangovich,C,25.3,74,196,74.78307933557684,13.65280416351485,0.5680561448082904,1.9306944672244848
938,Zac Dalpe,C,33.9,74,197,49.23451601208629,8.757811733110914,0.0,0.26193105031782926
939,Zac Jones,D,23.0,70,178,43.54550440916757,13.846301397097015,0.9349637012122224,0.23095194369223981
940,Zach Aston-Reese,C,29.1,73,205,72.18657808003958,11.12870610901798,0.1284920080557312,1.0851913807630251
941,Zach Bogosian,D,33.2,74,222,60.15510126518397,14.65285007351057,0.0,0.8572470893618649
942,Zach Hyman,L,31.3,73,211,73.08373909435227,16.015945205233518,3.002243663640096,0.9037621851980018
943,Zach Parise,L,39.2,71,195,71.6556446749327,12.013681598658197,1.0193973378428498,1.324718831837067
944,Zach Sanford,L,28.9,76,206,50.2986572850283,12.411823381201742,1.308007100191949,0.527941242125169
945,Zach Werenski,D,26.2,74,213,45.56715832624829,19.81448400816797,3.005835486030572,1.5169230793749717
946,Zach Whitecloud,D,26.8,74,207,66.36042481385297,16.801944241926762,0.106962785036669,1.7044659414215189
947,Zack Kassian,R,32.7,75,211,62.64459941480589,9.449913175741663,0.0119004278829399,0.09073256519284278
948,Zack MacEwen,C,27.2,75,205,65.38692588752714,11.14417488280277,0.6144609325476342,0.16728170730969028
949,Zemgus Girgensons,L,29.7,74,200,71.05166677484483,11.536596324990768,0.32797341312704,1.3630066513059127
