,Player,Year,Position,Age,Height,Weight,Y1 GP,Y2 GP,Y3 GP,Y4 GP,Y5 GP,Y5 dGP,Y4 EV ATOI,Y4 EV P/60
Ryan Suter 2011,Ryan Suter,2011,D,25.693,73,205,,76.0,82.0,82,70,-10.0,18.851,0.7763
Ryan Suter 2012,Ryan Suter,2012,D,26.692,73,205,76.0,82.0,82.0,70,79,1.5,19.6798,0.9146000000000001
Ryan Suter 2013,Ryan Suter,2013,D,27.694,73,205,82.0,82.0,70.0,79,82,3.75,20.4226,0.7066
Ryan Suter 2014,Ryan Suter,2014,D,28.693,73,205,82.0,70.0,79.0,82,82,3.75,21.3424,0.9957
Ryan Suter 2015,Ryan Suter,2015,D,29.693,73,205,70.0,79.0,82.0,82,77,-1.25,23.2717,0.786
Ryan Suter 2016,Ryan Suter,2016,D,30.692,73,205,79.0,82.0,82.0,77,82,2.0,23.1963,0.8734999999999999
Ryan Suter 2017,Ryan Suter,2017,D,31.694,73,205,82.0,82.0,77.0,82,82,1.25,22.9341,0.8934
Ryan Suter 2018,Ryan Suter,2018,D,32.694,73,205,82.0,77.0,82.0,82,78,-2.75,21.8337,0.8714
Ryan Suter 2019,Ryan Suter,2019,D,33.693,73,205,77.0,82.0,82.0,78,82,2.25,20.6979,1.0034999999999998
Ryan Suter 2020,Ryan Suter,2020,D,34.692,73,205,82.0,82.0,78.0,82,81,0.0,21.3246,1.0293
Ryan Suter 2021,Ryan Suter,2021,D,35.694,73,205,82.0,78.0,82.0,81,82,1.25,19.1466,1.3625
Ryan Suter 2022,Ryan Suter,2022,D,36.694,73,205,78.0,82.0,81.0,82,82,1.25,17.728,0.7857000000000001
Ryan Suter 2023,Ryan Suter,2023,D,37.693,73,205,82.0,81.0,82.0,82,82,0.25,19.9234,0.6978
Brent Burns 2017,Brent Burns,2017,D,31.566,77,230,51.0,69.0,82.0,82,82,11.0,19.5911,1.6059
Brent Burns 2018,Brent Burns,2018,D,32.565,77,230,69.0,82.0,82.0,82,82,3.25,19.5398,1.8723999999999998
Brent Burns 2019,Brent Burns,2019,D,33.564,77,230,82.0,82.0,82.0,82,82,0.0,20.0591,1.4226
Brent Burns 2020,Brent Burns,2020,D,34.564,77,230,82.0,82.0,82.0,82,82,0.0,19.7783,1.8498
Brent Burns 2021,Brent Burns,2021,D,35.566,77,230,82.0,82.0,82.0,82,82,0.0,20.074,1.1529
Brent Burns 2022,Brent Burns,2022,D,36.565,77,230,82.0,82.0,82.0,82,82,0.0,20.5443,1.1474
Brent Burns 2023,Brent Burns,2023,D,37.564,77,230,82.0,82.0,82.0,82,82,0.0,20.5939,1.2436
Mark Giordano 2013,Mark Giordano,2013,D,28.997,72,205,58.0,82.0,82.0,61,80,9.25,17.4295,0.9029
Mark Giordano 2014,Mark Giordano,2014,D,29.997,72,205,82.0,82.0,61.0,80,64,-12.25,18.2574,0.6992
Mark Giordano 2015,Mark Giordano,2015,D,30.996,72,205,82.0,61.0,80.0,64,61,-10.75,19.1159,1.177
Mark Giordano 2016,Mark Giordano,2016,D,31.995,72,205,61.0,80.0,64.0,61,82,15.5,19.8533,1.635
Mark Giordano 2017,Mark Giordano,2017,D,32.997,72,205,80.0,64.0,61.0,82,81,9.25,19.1904,1.2964
Mark Giordano 2018,Mark Giordano,2018,D,33.997,72,205,64.0,61.0,82.0,81,82,10.0,17.7276,0.9193
Mark Giordano 2019,Mark Giordano,2019,D,34.996,72,205,61.0,82.0,81.0,82,78,1.5,18.5453,1.0653000000000001
Mark Giordano 2020,Mark Giordano,2020,D,35.996,72,205,82.0,81.0,82.0,78,70,-10.75,18.2568,1.9803
Mark Giordano 2021,Mark Giordano,2021,D,36.998,72,205,81.0,82.0,78.0,70,82,4.25,18.3808,0.9792000000000001
Mark Giordano 2022,Mark Giordano,2022,D,37.997,72,205,82.0,78.0,70.0,82,75,-3.0,17.5289,1.1002
Mark Giordano 2023,Mark Giordano,2023,D,38.996,72,205,78.0,70.0,82.0,75,78,1.75,16.7093,1.0054
Alex Goligoski 2013,Alex Goligoski,2013,D,27.174,71,173,45.0,69.0,83.0,71,80,13.0,18.357,0.9207
Alex Goligoski 2014,Alex Goligoski,2014,D,28.173,71,173,69.0,83.0,71.0,80,81,5.25,18.0167,1.0629
Alex Goligoski 2015,Alex Goligoski,2015,D,29.173,71,173,83.0,71.0,80.0,81,81,2.25,18.4998,1.081
Alex Goligoski 2016,Alex Goligoski,2016,D,30.172,71,173,71.0,80.0,81.0,81,82,3.75,18.764,1.0263
Alex Goligoski 2017,Alex Goligoski,2017,D,31.174,71,173,80.0,81.0,81.0,82,82,1.0,19.5413,1.1608
Alex Goligoski 2018,Alex Goligoski,2018,D,32.173,71,173,81.0,81.0,82.0,82,78,-3.5,18.6502,1.02
Alex Goligoski 2019,Alex Goligoski,2019,D,33.173,71,173,81.0,82.0,82.0,78,76,-4.75,19.3677,0.9533
Alex Goligoski 2020,Alex Goligoski,2020,D,34.172,71,173,82.0,82.0,78.0,76,82,2.5,17.3689,0.8182
Alex Goligoski 2021,Alex Goligoski,2021,D,35.174,71,173,82.0,78.0,76.0,82,82,2.5,18.7098,0.9621
Alex Goligoski 2022,Alex Goligoski,2022,D,36.173,71,173,78.0,76.0,82.0,82,72,-7.5,19.0652,0.843
Alexander Edler 2011,Alexander Edler,2011,D,24.447,76,210,,75.0,80.0,76,51,-26.0,17.4022,1.0434
Alexander Edler 2015,Alexander Edler,2015,D,28.447,76,210,51.0,82.0,76.0,63,74,6.0,18.2095,0.523
Alexander Edler 2016,Alexander Edler,2016,D,29.446,76,210,82.0,76.0,63.0,74,52,-21.75,18.4642,0.7464999999999999
Jack Johnson 2013,Jack Johnson,2013,D,25.717,73,227,41.0,80.0,82.0,82,75,3.75,17.8096,0.8628
Jack Johnson 2014,Jack Johnson,2014,D,26.717,73,227,80.0,82.0,82.0,75,82,2.25,19.5655,0.7666999999999999
Jack Johnson 2015,Jack Johnson,2015,D,27.716,73,227,82.0,82.0,75.0,82,79,-1.25,18.4726,0.5941000000000001
Jack Johnson 2016,Jack Johnson,2016,D,28.715,73,227,82.0,75.0,82.0,79,60,-19.5,18.3044,0.7884
Jack Johnson 2017,Jack Johnson,2017,D,29.717,73,227,75.0,82.0,79.0,60,82,8.0,18.9142,0.4229
Jack Johnson 2018,Jack Johnson,2018,D,30.717,73,227,82.0,79.0,60.0,82,77,1.25,19.1398,0.7645
Jack Johnson 2019,Jack Johnson,2019,D,31.716,73,227,79.0,60.0,82.0,77,82,7.5,17.3043,0.4953000000000001
Jack Johnson 2020,Jack Johnson,2020,D,32.715,73,227,60.0,82.0,77.0,82,79,3.75,16.6636,0.3952
Marc Staal 2011,Marc Staal,2011,D,23.716,76,208,,80.0,82.0,82,77,-4.333333333333329,18.9577,1.0422
Marc Staal 2017,Marc Staal,2017,D,29.717,76,208,35.0,72.0,80.0,77,72,6.0,17.3113,0.6752
Marc Staal 2018,Marc Staal,2018,D,30.717,76,208,72.0,80.0,77.0,72,72,-3.25,17.1914,0.43620000000000003
Marc Staal 2019,Marc Staal,2019,D,31.716,76,208,80.0,77.0,72.0,72,79,3.75,15.6875,0.425
Marc Staal 2020,Marc Staal,2020,D,32.715,76,208,77.0,72.0,72.0,79,61,-14.0,16.4903,0.5988
Marc Staal 2021,Marc Staal,2021,D,33.718,76,208,72.0,72.0,79.0,61,82,11.0,14.7538,0.8602000000000001
Marc Staal 2022,Marc Staal,2022,D,34.717,76,208,72.0,79.0,61.0,82,71,-2.5,16.1902,0.6617
Marc Staal 2023,Marc Staal,2023,D,35.716,76,208,79.0,61.0,82.0,71,82,8.75,15.1009,0.8954
Marc-Edouard Vlasic 2011,Marc-Edouard Vlasic,2011,D,23.508,73,205,,82.0,82.0,64,80,4.0,17.3706,0.7556
Marc-Edouard Vlasic 2012,Marc-Edouard Vlasic,2012,D,24.507,73,205,82.0,82.0,64.0,80,82,5.0,17.6781,0.7212000000000001
Marc-Edouard Vlasic 2013,Marc-Edouard Vlasic,2013,D,25.509,73,205,82.0,64.0,80.0,82,82,5.0,20.4701,0.7506999999999999
Marc-Edouard Vlasic 2014,Marc-Edouard Vlasic,2014,D,26.509,73,205,64.0,80.0,82.0,82,81,4.0,18.1556,0.48189999999999994
Marc-Edouard Vlasic 2015,Marc-Edouard Vlasic,2015,D,27.508,73,205,80.0,82.0,82.0,81,70,-11.25,17.8158,0.8731
Marc-Edouard Vlasic 2016,Marc-Edouard Vlasic,2016,D,28.507,73,205,82.0,82.0,81.0,70,67,-11.75,18.3105,0.9362999999999999
Marc-Edouard Vlasic 2017,Marc-Edouard Vlasic,2017,D,29.509,73,205,82.0,81.0,70.0,67,75,0.0,18.8147,1.2852000000000001
Marc-Edouard Vlasic 2018,Marc-Edouard Vlasic,2018,D,30.509,73,205,81.0,70.0,67.0,75,81,7.75,17.2262,0.9288
Marc-Edouard Vlasic 2019,Marc-Edouard Vlasic,2019,D,31.508,73,205,70.0,67.0,75.0,81,72,-1.25,18.5967,1.1153
Marc-Edouard Vlasic 2020,Marc-Edouard Vlasic,2020,D,32.507,73,205,67.0,75.0,81.0,72,82,8.25,17.6586,1.1326
Marc-Edouard Vlasic 2021,Marc-Edouard Vlasic,2021,D,33.509,73,205,75.0,81.0,72.0,82,74,-3.5,17.1343,0.7002999999999999
Marc-Edouard Vlasic 2022,Marc-Edouard Vlasic,2022,D,34.509,73,205,81.0,72.0,82.0,74,75,-2.25,15.0131,0.39180000000000004
Marc-Edouard Vlasic 2023,Marc-Edouard Vlasic,2023,D,35.508,73,205,72.0,82.0,74.0,75,78,2.25,14.2582,0.7854000000000001
Kris Letang 2011,Kris Letang,2011,D,23.439,72,201,,63.0,74.0,73,82,12.0,17.321,1.044
Kris Letang 2012,Kris Letang,2012,D,24.439,72,201,63.0,74.0,73.0,82,51,-22.0,17.4341,1.0492
Kris Letang 2021,Kris Letang,2021,D,33.441,72,201,41.0,79.0,65.0,71,80,16.0,19.9844,1.4274
Kris Letang 2022,Kris Letang,2022,D,34.44,72,201,79.0,65.0,71.0,80,78,4.25,20.0218,1.5801
Kris Letang 2023,Kris Letang,2023,D,35.44,72,201,65.0,71.0,80.0,78,64,-9.5,20.8115,1.7002
Anton Stralman 2016,Anton Stralman,2016,D,29.167,71,193,53.0,82.0,81.0,82,73,-1.5,16.8854,1.0833
Anton Stralman 2017,Anton Stralman,2017,D,30.169,71,193,82.0,81.0,82.0,73,73,-6.5,17.0957,1.0577
Anton Stralman 2018,Anton Stralman,2018,D,31.169,71,193,81.0,82.0,73.0,73,80,2.75,18.6048,0.6627000000000001
Erik Johnson 2013,Erik Johnson,2013,D,24.532,76,225,,79.0,77.0,73,52,-24.33333333333333,16.9144,0.6804
Jeff Petry 2015,Jeff Petry,2015,D,26.813,75,209,35.0,73.0,82.0,80,78,10.5,17.6817,0.6363
Jeff Petry 2016,Jeff Petry,2016,D,27.812,75,209,73.0,82.0,80.0,78,51,-27.25,18.2571,0.7163000000000002
Jeff Petry 2020,Jeff Petry,2020,D,31.812,75,209,51.0,80.0,82.0,82,83,9.25,18.4585,1.3477
Jeff Petry 2021,Jeff Petry,2021,D,32.814,75,209,80.0,82.0,82.0,83,80,-1.75,19.1439,1.1919
Jeff Petry 2022,Jeff Petry,2022,D,33.813,75,209,82.0,82.0,83.0,80,68,-13.75,18.3361,1.5469
Jeff Petry 2023,Jeff Petry,2023,D,34.813,75,209,82.0,83.0,80.0,68,61,-17.25,18.0174,1.1264
Ian Cole 2018,Ian Cole,2018,D,28.609,73,225,46.0,74.0,70.0,81,67,-0.75,17.2829,1.0715
Ian Cole 2019,Ian Cole,2019,D,29.608,73,225,74.0,70.0,81.0,67,71,-2.0,15.5122,1.0969000000000002
Ian Cole 2020,Ian Cole,2020,D,30.607,73,225,70.0,81.0,67.0,71,76,3.75,16.4012,0.7727999999999999
Ian Cole 2021,Ian Cole,2021,D,31.609,73,225,81.0,67.0,71.0,76,79,5.25,15.1746,1.5815000000000001
Ian Cole 2022,Ian Cole,2022,D,32.609,73,225,67.0,71.0,76.0,79,75,1.75,14.3719,0.6184
Ian Cole 2023,Ian Cole,2023,D,33.608,73,225,71.0,76.0,79.0,75,78,2.75,14.5976,0.9864
Justin Braun 2015,Justin Braun,2015,D,27.639,74,205,28.0,66.0,70.0,82,70,8.5,17.7398,0.6598999999999999
Justin Braun 2016,Justin Braun,2016,D,28.639,74,205,66.0,70.0,82.0,70,80,8.0,18.3379,0.9815
Justin Braun 2017,Justin Braun,2017,D,29.641,74,205,70.0,82.0,70.0,80,81,5.5,17.8683,0.9234
Justin Braun 2018,Justin Braun,2018,D,30.64,74,205,82.0,70.0,80.0,81,81,2.75,17.8243,0.45709999999999995
Justin Braun 2019,Justin Braun,2019,D,31.639,74,205,70.0,80.0,81.0,81,78,0.0,18.5455,1.318
Justin Braun 2020,Justin Braun,2020,D,32.639,74,205,80.0,81.0,81.0,78,73,-7.0,17.8942,0.6448
Justin Braun 2021,Justin Braun,2021,D,33.641,74,205,81.0,81.0,78.0,73,77,-1.25,15.1511,1.1497000000000002
Justin Braun 2022,Justin Braun,2022,D,34.64,74,205,81.0,78.0,73.0,77,69,-8.25,16.0094,0.4243
Justin Braun 2023,Justin Braun,2023,D,35.64,74,205,78.0,73.0,77.0,69,51,-23.25,17.3111,0.9042
Kevin Shattenkirk 2014,Kevin Shattenkirk,2014,D,24.671,72,212,,72.0,81.0,82,81,2.6666666666666714,16.8976,1.0356
Kevin Shattenkirk 2015,Kevin Shattenkirk,2015,D,25.671,72,212,72.0,81.0,82.0,81,56,-23.0,16.4984,0.8082
Kevin Shattenkirk 2022,Kevin Shattenkirk,2022,D,32.672,72,212,46.0,73.0,82.0,80,82,11.75,18.3621,0.5941
Kevin Shattenkirk 2023,Kevin Shattenkirk,2023,D,33.671,72,212,73.0,82.0,80.0,82,75,-4.25,17.2248,0.8920999999999999
Brendan Smith 2017,Brendan Smith,2017,D,27.645,74,200,58.0,71.0,76.0,63,51,-16.0,15.8566,0.8409
Ryan McDonagh 2015,Ryan McDonagh,2015,D,25.301,73,215,40.0,82.0,80.0,77,71,1.25,19.1851,1.056
Ryan McDonagh 2016,Ryan McDonagh,2016,D,26.301,73,215,82.0,80.0,77.0,71,73,-4.5,18.2033,0.8356000000000001
Ryan McDonagh 2017,Ryan McDonagh,2017,D,27.303,73,215,80.0,77.0,71.0,73,77,1.75,17.7336,1.1123
Ryan McDonagh 2018,Ryan McDonagh,2018,D,28.302,73,215,77.0,71.0,73.0,77,63,-11.5,18.9195,1.0708000000000002
Ryan McDonagh 2019,Ryan McDonagh,2019,D,29.301,73,215,71.0,73.0,77.0,63,82,11.0,18.5325,0.9764
Ryan McDonagh 2020,Ryan McDonagh,2020,D,30.301,73,215,73.0,77.0,63.0,82,58,-15.75,18.2787,1.6012
Jake Muzzin 2016,Jake Muzzin,2016,D,26.607,75,227,,76.0,76.0,76,82,6.0,19.2246,1.0676999999999999
Jake Muzzin 2017,Jake Muzzin,2017,D,27.609,75,227,76.0,76.0,76.0,82,82,4.5,18.2315,1.0434999999999999
Jake Muzzin 2018,Jake Muzzin,2018,D,28.609,75,227,76.0,76.0,82.0,82,74,-5.0,17.7295,0.7428999999999999
Jake Muzzin 2019,Jake Muzzin,2019,D,29.608,75,227,76.0,82.0,82.0,74,80,1.5,17.0559,1.2835999999999999
Jake Muzzin 2020,Jake Muzzin,2020,D,30.607,75,227,82.0,82.0,74.0,80,62,-17.5,18.3869,1.2645
Jake Muzzin 2021,Jake Muzzin,2021,D,31.609,75,227,82.0,74.0,80.0,62,77,2.5,18.6925,1.3324
Alec Martinez 2019,Alec Martinez,2019,D,31.185,73,210,56.0,78.0,82.0,77,60,-13.25,18.5346,0.5466
Alec Martinez 2020,Alec Martinez,2020,D,32.184,73,210,78.0,82.0,77.0,60,60,-14.25,18.2483,0.8768
Alec Martinez 2021,Alec Martinez,2021,D,33.186,73,210,82.0,77.0,60.0,60,77,7.25,18.3585,0.769
Nick Holden 2018,Nick Holden,2018,D,30.383,76,210,54.0,78.0,82.0,80,73,-0.5,18.3102,1.1878
Nick Holden 2019,Nick Holden,2019,D,31.382,76,210,78.0,82.0,80.0,73,61,-17.25,16.5142,0.6969000000000001
Nick Holden 2020,Nick Holden,2020,D,32.381,76,210,82.0,80.0,73.0,61,71,-3.0,16.4467,0.7774
Jason Demers 2017,Jason Demers,2017,D,28.313,73,195,37.0,75.0,81.0,62,81,17.25,16.8188,0.9782
Jason Demers 2018,Jason Demers,2018,D,29.312,73,195,75.0,81.0,62.0,81,69,-5.75,16.2426,0.9576
Drew Doughty 2012,Drew Doughty,2012,D,21.813,73,210,,81.0,82.0,76,77,-2.6666666666666714,19.3996,1.0175
Drew Doughty 2013,Drew Doughty,2013,D,22.815,73,210,81.0,82.0,76.0,77,82,3.0,18.8528,0.9507
Drew Doughty 2014,Drew Doughty,2014,D,23.814,73,210,82.0,76.0,77.0,82,78,-1.25,21.1712,0.7085
Drew Doughty 2015,Drew Doughty,2015,D,24.814,73,210,76.0,77.0,82.0,78,82,3.75,19.1972,0.8014
Drew Doughty 2016,Drew Doughty,2016,D,25.813,73,210,77.0,82.0,78.0,82,82,2.25,22.8915,0.895
Drew Doughty 2017,Drew Doughty,2017,D,26.815,73,210,82.0,78.0,82.0,82,82,1.0,22.0203,0.8307
Drew Doughty 2018,Drew Doughty,2018,D,27.815,73,210,78.0,82.0,82.0,82,82,1.0,21.2959,0.8246
Drew Doughty 2019,Drew Doughty,2019,D,28.814,73,210,82.0,82.0,82.0,82,82,0.0,20.928,1.3636
Drew Doughty 2020,Drew Doughty,2020,D,29.813,73,210,82.0,82.0,82.0,82,79,-3.0,21.1799,0.6909000000000001
Drew Doughty 2021,Drew Doughty,2021,D,30.815,73,210,82.0,82.0,82.0,79,82,0.75,20.4699,0.8749
Alex Pietrangelo 2014,Alex Pietrangelo,2014,D,23.702,75,215,9.0,79.0,81.0,80,81,18.75,19.2312,1.1284999999999998
Alex Pietrangelo 2015,Alex Pietrangelo,2015,D,24.702,75,215,79.0,81.0,80.0,81,81,0.75,19.1685,1.2367
Alex Pietrangelo 2016,Alex Pietrangelo,2016,D,25.701,75,215,81.0,80.0,81.0,81,73,-7.75,19.8942,1.2659
Alex Pietrangelo 2017,Alex Pietrangelo,2017,D,26.703,75,215,80.0,81.0,81.0,73,80,1.25,20.816,1.224
Alex Pietrangelo 2018,Alex Pietrangelo,2018,D,27.702,75,215,81.0,81.0,73.0,80,78,-0.75,19.8025,1.0984
Alex Pietrangelo 2019,Alex Pietrangelo,2019,D,28.702,75,215,81.0,73.0,80.0,78,71,-7.0,20.3564,1.5115
Alex Pietrangelo 2020,Alex Pietrangelo,2020,D,29.701,75,215,73.0,80.0,78.0,71,82,6.5,19.2573,1.097
Alex Pietrangelo 2021,Alex Pietrangelo,2021,D,30.703,75,215,80.0,78.0,71.0,82,60,-17.75,19.1964,1.2949000000000002
Alex Pietrangelo 2022,Alex Pietrangelo,2022,D,31.702,75,215,78.0,71.0,82.0,60,80,7.25,19.6407,1.3412
Alex Pietrangelo 2023,Alex Pietrangelo,2023,D,32.702,75,215,71.0,82.0,60.0,80,73,-0.25,19.9594,1.0145
Zach Bogosian 2013,Zach Bogosian,2013,D,22.216,74,222,47.0,81.0,71.0,65,56,-10.0,17.8197,1.1914
Luke Schenn 2012,Luke Schenn,2012,D,21.912,74,225,,70.0,79.0,82,79,2.0,18.628,0.8249
Luke Schenn 2013,Luke Schenn,2013,D,22.914,74,225,70.0,79.0,82.0,79,80,2.5,14.6342,1.038
Luke Schenn 2014,Luke Schenn,2014,D,23.913,74,225,79.0,82.0,79.0,80,79,-1.0,18.6908,0.7513000000000001
Luke Schenn 2015,Luke Schenn,2015,D,24.912,74,225,82.0,79.0,80.0,79,58,-22.0,14.3034,0.5841
Tyler Myers 2016,Tyler Myers,2016,D,25.663,80,229,55.0,66.0,62.0,71,73,9.5,19.1106,0.8844
Tyler Myers 2021,Tyler Myers,2021,D,30.665,80,229,11.0,82.0,80.0,80,80,16.75,18.4022,0.6233000000000001
Tyler Myers 2022,Tyler Myers,2022,D,31.664,80,229,82.0,80.0,80.0,80,82,1.5,17.9258,0.9738
Tyler Myers 2023,Tyler Myers,2023,D,32.663,80,229,80.0,80.0,80.0,82,78,-2.5,19.085,0.6517
Erik Karlsson 2017,Erik Karlsson,2017,D,26.339,72,190,29.0,82.0,82.0,82,77,8.25,22.9858,1.7827
Erik Karlsson 2018,Erik Karlsson,2018,D,27.338,72,190,82.0,82.0,82.0,77,71,-9.75,21.0095,1.5578
Erik Karlsson 2019,Erik Karlsson,2019,D,28.338,72,190,82.0,82.0,77.0,71,53,-25.0,21.9448,1.6559
John Carlson 2014,John Carlson,2014,D,23.724,75,215,22.0,82.0,82.0,82,82,15.0,17.8861,1.1880000000000002
John Carlson 2015,John Carlson,2015,D,24.723,75,215,82.0,82.0,82.0,82,82,0.0,17.5846,0.5826
John Carlson 2016,John Carlson,2016,D,25.723,75,215,82.0,82.0,82.0,82,56,-26.0,18.352,1.5152
John Carlson 2020,John Carlson,2020,D,29.723,75,215,56.0,72.0,82.0,80,81,8.5,18.3956,1.5085000000000002
John Carlson 2021,John Carlson,2021,D,30.725,75,215,72.0,82.0,80.0,81,76,-2.75,18.985,2.2443
John Carlson 2022,John Carlson,2022,D,31.724,75,215,82.0,80.0,81.0,76,78,-1.75,18.5429,1.8045999999999998
Roman Josi 2016,Roman Josi,2016,D,25.334,73,201,52.0,82.0,72.0,81,81,9.25,20.9247,1.3098
Roman Josi 2017,Roman Josi,2017,D,26.336,73,201,82.0,72.0,81.0,81,72,-7.0,19.7374,1.3135000000000001
Roman Josi 2018,Roman Josi,2018,D,27.335,73,201,72.0,81.0,81.0,72,75,-1.5,19.737,1.2666
Roman Josi 2019,Roman Josi,2019,D,28.335,73,201,81.0,81.0,72.0,75,82,4.75,18.5296,1.3816
Roman Josi 2020,Roman Josi,2020,D,29.334,73,201,81.0,72.0,75.0,82,81,3.5,19.5898,1.6061999999999999
Roman Josi 2021,Roman Josi,2021,D,30.336,73,201,72.0,75.0,82.0,81,68,-9.5,20.406,1.7898
Roman Josi 2022,Roman Josi,2022,D,31.336,73,201,75.0,82.0,81.0,68,80,3.5,20.7202,1.0475
Roman Josi 2023,Roman Josi,2023,D,32.335,73,201,82.0,81.0,68.0,80,67,-10.75,21.4081,2.067
Justin Schultz 2016,Justin Schultz,2016,D,25.238,74,190,,82.0,74.0,81,63,-16.0,19.4691,0.7229
Justin Schultz 2017,Justin Schultz,2017,D,26.24,74,190,82.0,74.0,81.0,63,78,3.0,15.427,0.6174
Justin Schultz 2018,Justin Schultz,2018,D,27.24,74,190,74.0,81.0,63.0,78,63,-11.0,17.5844,1.3561
Travis Hamonic 2014,Travis Hamonic,2014,D,23.127,73,200,,62.0,73.0,82,69,-3.3333333333333286,18.7545,0.39990000000000003
Travis Hamonic 2015,Travis Hamonic,2015,D,24.127,73,200,62.0,73.0,82.0,69,71,-0.5,20.6476,0.6316999999999999
Travis Hamonic 2016,Travis Hamonic,2016,D,25.126,73,200,73.0,82.0,69.0,71,72,-1.75,18.7,1.1298
Marco Scandella 2017,Marco Scandella,2017,D,26.604,75,212,10.0,76.0,64.0,73,71,15.25,18.2616,0.7652
Marco Scandella 2018,Marco Scandella,2018,D,27.604,75,212,76.0,64.0,73.0,71,82,11.0,16.3833,0.6705000000000001
Marco Scandella 2019,Marco Scandella,2019,D,28.603,75,212,64.0,73.0,71.0,82,63,-9.5,19.1085,0.651
Marco Scandella 2020,Marco Scandella,2020,D,29.602,75,212,73.0,71.0,82.0,63,73,0.75,15.5209,0.7364
Marco Scandella 2021,Marco Scandella,2021,D,30.605,75,212,71.0,82.0,63.0,73,71,-1.25,15.4866,0.8124
Marco Scandella 2022,Marco Scandella,2022,D,31.604,75,212,82.0,63.0,73.0,71,70,-2.25,17.4952,0.56
Michael Stone 2016,Michael Stone,2016,D,25.318,75,210,13.0,68.0,70.0,81,75,17.0,18.0807,0.5325
Michael Stone 2017,Michael Stone,2017,D,26.32,75,210,68.0,70.0,81.0,75,64,-9.5,17.4591,1.008
Michael Stone 2018,Michael Stone,2018,D,27.319,75,210,70.0,81.0,75.0,64,82,9.5,16.6687,0.5624
TJ Brodie 2016,TJ Brodie,2016,D,25.318,74,187,54.0,80.0,81.0,81,70,-4.0,20.9545,1.0251
TJ Brodie 2017,TJ Brodie,2017,D,26.32,74,187,80.0,81.0,81.0,70,82,4.0,20.304,1.4353
TJ Brodie 2018,TJ Brodie,2018,D,27.319,74,187,81.0,81.0,70.0,82,73,-5.5,18.4809,0.871
TJ Brodie 2019,TJ Brodie,2019,D,28.318,74,187,81.0,70.0,82.0,73,79,2.5,19.0505,0.9059999999999999
TJ Brodie 2020,TJ Brodie,2020,D,29.318,74,187,70.0,82.0,73.0,79,75,-1.0,18.5395,1.1881
TJ Brodie 2021,TJ Brodie,2021,D,30.32,74,187,82.0,73.0,79.0,75,82,4.75,18.0115,0.937
TJ Brodie 2022,TJ Brodie,2022,D,31.319,74,187,73.0,79.0,75.0,82,82,4.75,19.0997,0.6171
TJ Brodie 2023,TJ Brodie,2023,D,32.318,74,187,79.0,75.0,82.0,82,58,-21.5,18.7728,0.9743999999999999
Mark Borowiecki 2018,Mark Borowiecki,2018,D,28.223,74,204,13.0,63.0,63.0,70,52,-0.25,13.2443,0.1941
Jared Spurgeon 2015,Jared Spurgeon,2015,D,24.838,69,166,53.0,70.0,66.0,67,66,2.0,18.493,0.9201000000000001
Jared Spurgeon 2016,Jared Spurgeon,2016,D,25.838,69,166,70.0,66.0,67.0,66,77,9.75,18.4154,0.9380000000000001
Jared Spurgeon 2017,Jared Spurgeon,2017,D,26.84,69,166,66.0,67.0,66.0,77,76,7.0,19.1288,0.5295000000000001
Jared Spurgeon 2018,Jared Spurgeon,2018,D,27.839,69,166,67.0,66.0,77.0,76,61,-10.5,19.6042,1.2886
Jared Spurgeon 2019,Jared Spurgeon,2019,D,28.839,69,166,66.0,77.0,76.0,61,82,12.0,19.1238,1.2344
Jared Spurgeon 2020,Jared Spurgeon,2020,D,29.838,69,166,77.0,76.0,61.0,82,73,-1.0,19.3533,1.1721
Jared Spurgeon 2021,Jared Spurgeon,2021,D,30.84,69,166,76.0,61.0,82.0,73,79,6.0,17.4852,1.0516
Jared Spurgeon 2022,Jared Spurgeon,2022,D,31.839,69,166,61.0,82.0,73.0,79,65,-8.75,17.1796,1.0348
Jared Spurgeon 2023,Jared Spurgeon,2023,D,32.839,69,166,82.0,73.0,79.0,65,79,4.25,16.1082,1.4897999999999998
Jordie Benn 2017,Jordie Benn,2017,D,29.186,74,201,44.0,78.0,73.0,64,71,6.25,13.462,0.6964
Jordie Benn 2018,Jordie Benn,2018,D,30.186,74,201,78.0,73.0,64.0,71,77,5.5,14.9265,0.7927000000000001
Jordie Benn 2019,Jordie Benn,2019,D,31.185,74,201,73.0,64.0,71.0,77,81,9.75,16.7496,0.6978
Jordie Benn 2020,Jordie Benn,2020,D,32.184,74,201,64.0,71.0,77.0,81,51,-22.25,15.3749,1.06
Victor Hedman 2013,Victor Hedman,2013,D,21.788,79,244,,74.0,79.0,61,75,3.6666666666666714,19.0694,0.9284000000000001
Victor Hedman 2014,Victor Hedman,2014,D,22.788,79,244,74.0,79.0,61.0,75,75,2.75,18.3307,1.339
Victor Hedman 2015,Victor Hedman,2015,D,23.787,79,244,79.0,61.0,75.0,75,59,-13.5,17.7809,1.5747
Victor Hedman 2019,Victor Hedman,2019,D,27.787,79,244,59.0,78.0,79.0,77,70,-3.25,19.8383,1.3748
Victor Hedman 2020,Victor Hedman,2020,D,28.787,79,244,78.0,79.0,77.0,70,77,1.0,17.3317,1.3848
Victor Hedman 2021,Victor Hedman,2021,D,29.789,79,244,79.0,77.0,70.0,77,79,3.25,18.5705,1.6155
Victor Hedman 2022,Victor Hedman,2022,D,30.788,79,244,77.0,70.0,77.0,79,82,6.25,19.2491,1.2122
Victor Hedman 2023,Victor Hedman,2023,D,31.787,79,244,70.0,77.0,79.0,82,76,-1.0,19.4398,1.7691
Oliver Ekman-Larsson 2015,Oliver Ekman-Larsson,2015,D,23.209,74,200,48.0,82.0,82.0,80,82,9.0,18.906,0.8727
Oliver Ekman-Larsson 2016,Oliver Ekman-Larsson,2016,D,24.209,74,200,82.0,82.0,80.0,82,75,-6.5,18.7693,0.8576999999999999
Oliver Ekman-Larsson 2017,Oliver Ekman-Larsson,2017,D,25.211,74,200,82.0,80.0,82.0,75,79,-0.75,18.8709,1.1869
Oliver Ekman-Larsson 2018,Oliver Ekman-Larsson,2018,D,26.21,74,200,80.0,82.0,75.0,79,82,3.0,19.3061,0.7868999999999999
Oliver Ekman-Larsson 2019,Oliver Ekman-Larsson,2019,D,27.21,74,200,82.0,75.0,79.0,82,81,1.5,18.9159,1.0444
Oliver Ekman-Larsson 2020,Oliver Ekman-Larsson,2020,D,28.209,74,200,75.0,79.0,82.0,81,77,-2.25,18.7813,0.8676
Oliver Ekman-Larsson 2021,Oliver Ekman-Larsson,2021,D,29.211,74,200,79.0,82.0,81.0,77,67,-12.75,18.2139,1.0981
Oliver Ekman-Larsson 2022,Oliver Ekman-Larsson,2022,D,30.21,74,200,82.0,81.0,77.0,67,79,2.25,16.808,0.776
Oliver Ekman-Larsson 2023,Oliver Ekman-Larsson,2023,D,31.21,74,200,81.0,77.0,67.0,79,54,-22.0,18.4835,0.7807
Dmitry Kulikov 2023,Dmitry Kulikov,2023,D,31.924,73,201,57.0,60.0,70.0,80,67,0.25,16.0606,1.1208
Nick Leddy 2015,Nick Leddy,2015,D,23.535,72,205,46.0,82.0,82.0,82,78,5.0,14.3138,1.0735999999999999
Nick Leddy 2016,Nick Leddy,2016,D,24.535,72,205,82.0,82.0,82.0,78,81,0.0,17.2244,1.0718
Nick Leddy 2017,Nick Leddy,2017,D,25.537,72,205,82.0,82.0,78.0,81,81,0.25,19.393,0.8022
Nick Leddy 2018,Nick Leddy,2018,D,26.536,72,205,82.0,78.0,81.0,81,80,-0.5,18.8576,1.2176
Nick Leddy 2019,Nick Leddy,2019,D,27.535,72,205,78.0,81.0,81.0,80,82,2.0,18.4492,1.1381999999999999
Nick Leddy 2020,Nick Leddy,2020,D,28.535,72,205,81.0,81.0,80.0,82,70,-11.0,18.3138,0.6392
Nick Leddy 2021,Nick Leddy,2021,D,29.537,72,205,81.0,80.0,82.0,70,82,3.75,18.9678,0.8962
Nick Leddy 2022,Nick Leddy,2022,D,30.536,72,205,80.0,82.0,70.0,82,75,-3.5,18.9476,1.1309
Nick Leddy 2023,Nick Leddy,2023,D,31.535,72,205,82.0,70.0,82.0,75,78,0.75,19.1487,0.752
Brayden McNabb 2021,Brayden McNabb,2021,D,29.696,76,215,49.0,76.0,81.0,83,60,-12.25,16.7739,0.403
Brayden McNabb 2022,Brayden McNabb,2022,D,30.695,76,215,76.0,81.0,83.0,60,69,-6.0,16.7386,0.6994
Brayden McNabb 2023,Brayden McNabb,2023,D,31.694,76,215,81.0,83.0,60.0,69,82,8.75,17.0039,0.8694
Tyson Barrie 2017,Tyson Barrie,2017,D,25.186,71,197,54.0,64.0,80.0,78,74,5.0,19.5491,1.0230000000000001
Tyson Barrie 2018,Tyson Barrie,2018,D,26.186,71,197,64.0,80.0,78.0,74,68,-6.0,19.7338,1.1504
Tyson Barrie 2019,Tyson Barrie,2019,D,27.185,71,197,80.0,78.0,74.0,68,78,3.0,18.7603,1.2698
Tyson Barrie 2020,Tyson Barrie,2020,D,28.184,71,197,78.0,74.0,68.0,78,82,7.5,17.659,1.481
Tyson Barrie 2021,Tyson Barrie,2021,D,29.186,71,197,74.0,68.0,78.0,82,82,6.5,19.0817,1.2128
Tyson Barrie 2022,Tyson Barrie,2022,D,30.186,71,197,68.0,78.0,82.0,82,73,-4.5,17.7217,1.5114
Tyson Barrie 2023,Tyson Barrie,2023,D,31.185,71,197,78.0,82.0,82.0,73,85,6.25,15.69,0.9953
Dmitry Orlov 2019,Dmitry Orlov,2019,D,27.193,71,214,,82.0,82.0,82,82,0.0,19.9557,0.99
Dmitry Orlov 2020,Dmitry Orlov,2020,D,28.192,71,214,82.0,82.0,82.0,82,81,-1.0,19.4465,1.0536
Dmitry Orlov 2021,Dmitry Orlov,2021,D,29.195,71,214,82.0,82.0,82.0,81,74,-7.75,19.742,0.9249999999999999
Dmitry Orlov 2022,Dmitry Orlov,2022,D,30.194,71,214,82.0,82.0,81.0,74,76,-3.75,18.384,1.28
Dmitry Orlov 2023,Dmitry Orlov,2023,D,31.193,71,214,82.0,81.0,74.0,76,66,-12.25,19.2213,1.2732
Brian Dumoulin 2019,Brian Dumoulin,2019,D,27.07,76,207,8.0,79.0,70.0,80,76,16.75,17.849,0.7563
Mattias Ekholm 2017,Mattias Ekholm,2017,D,26.358,76,215,1.0,62.0,80.0,82,82,25.75,17.3807,1.1787999999999998
Mattias Ekholm 2018,Mattias Ekholm,2018,D,27.357,76,215,62.0,80.0,82.0,82,81,4.5,19.7703,0.7032
Mattias Ekholm 2019,Mattias Ekholm,2019,D,28.357,76,215,80.0,82.0,82.0,81,80,-1.25,18.7907,0.7884
Mattias Ekholm 2020,Mattias Ekholm,2020,D,29.356,76,215,82.0,82.0,81.0,80,80,-1.25,19.7496,1.3292
Mattias Ekholm 2021,Mattias Ekholm,2021,D,30.358,76,215,82.0,81.0,80.0,80,68,-12.75,19.1483,1.1982
Mattias Ekholm 2022,Mattias Ekholm,2022,D,31.357,76,215,81.0,80.0,80.0,68,76,-1.25,18.622,1.3025
Mattias Ekholm 2023,Mattias Ekholm,2023,D,32.357,76,215,80.0,80.0,68.0,76,78,2.0,18.6279,1.1019
David Savard 2017,David Savard,2017,D,25.945,73,235,6.0,70.0,82.0,65,74,18.25,18.1592,0.9658
David Savard 2018,David Savard,2018,D,26.944,73,235,70.0,82.0,65.0,74,81,8.25,19.1381,0.8896999999999999
David Savard 2019,David Savard,2019,D,27.943,73,235,82.0,65.0,74.0,81,82,6.5,16.9835,0.6542
David Savard 2020,David Savard,2020,D,28.943,73,235,65.0,74.0,81.0,82,80,4.5,17.9321,0.9792000000000001
David Savard 2021,David Savard,2021,D,29.945,73,235,74.0,81.0,82.0,80,79,-0.25,18.5542,0.42800000000000005
David Savard 2022,David Savard,2022,D,30.944,73,235,81.0,82.0,80.0,79,62,-18.5,17.6633,0.3145
David Savard 2023,David Savard,2023,D,31.943,73,235,82.0,80.0,79.0,62,62,-13.75,17.8387,0.8679000000000001
Ben Chiarot 2022,Ben Chiarot,2022,D,30.399,75,232,57.0,78.0,81.0,60,74,5.0,18.6386,0.47109999999999996
Ben Chiarot 2023,Ben Chiarot,2023,D,31.399,75,232,78.0,81.0,60.0,74,76,2.75,18.7498,0.9513
Nick Jensen 2021,Nick Jensen,2021,D,30.03,73,205,49.0,81.0,80.0,80,77,4.5,15.2922,0.40390000000000004
Nick Jensen 2022,Nick Jensen,2022,D,31.029,73,205,81.0,80.0,80.0,77,76,-3.5,14.5346,1.0904
Nick Jensen 2023,Nick Jensen,2023,D,32.028,73,205,80.0,80.0,77.0,76,77,-1.25,16.7522,0.9896
Brenden Dillon 2016,Brenden Dillon,2016,D,24.882,76,224,1.0,82.0,80.0,80,76,15.25,18.096,0.3315
Brenden Dillon 2017,Brenden Dillon,2017,D,25.884,76,224,82.0,80.0,80.0,76,81,1.5,15.5629,0.5579999999999999
Brenden Dillon 2018,Brenden Dillon,2018,D,26.884,76,224,80.0,80.0,76.0,81,81,1.75,15.5632,0.476
Brenden Dillon 2019,Brenden Dillon,2019,D,27.883,76,224,80.0,76.0,81.0,81,82,2.5,15.8436,1.0286
Brenden Dillon 2020,Brenden Dillon,2020,D,28.882,76,224,76.0,81.0,81.0,82,81,1.0,16.577,0.9269000000000001
Brenden Dillon 2021,Brenden Dillon,2021,D,29.884,76,224,81.0,81.0,82.0,81,82,0.75,17.228,0.6562
Brenden Dillon 2022,Brenden Dillon,2022,D,30.884,76,224,81.0,82.0,81.0,82,79,-2.5,17.0452,1.0685
Brenden Dillon 2023,Brenden Dillon,2023,D,31.883,76,224,82.0,81.0,82.0,79,82,1.0,16.9656,0.8953
Radko Gudas 2019,Radko Gudas,2019,D,28.324,72,208,31.0,76.0,67.0,70,77,16.0,15.159,0.8481
Radko Gudas 2020,Radko Gudas,2020,D,29.323,72,208,76.0,67.0,70.0,77,74,1.5,15.2201,1.024
Radko Gudas 2021,Radko Gudas,2021,D,30.325,72,208,67.0,70.0,77.0,74,79,7.0,13.7466,1.0392000000000001
Radko Gudas 2022,Radko Gudas,2022,D,31.325,72,208,70.0,77.0,74.0,79,77,2.0,15.4731,0.7899
Radko Gudas 2023,Radko Gudas,2023,D,32.324,72,208,77.0,74.0,79.0,77,72,-4.75,15.8686,0.7364999999999999
Justin Holl 2023,Justin Holl,2023,D,30.67,75,197,11.0,80.0,80.0,69,80,20.0,17.5973,0.9883
Patrik Nemeth 2021,Patrik Nemeth,2021,D,28.647,76,230,40.0,68.0,74.0,75,76,11.75,18.4698,0.4061
Patrik Nemeth 2022,Patrik Nemeth,2022,D,29.646,76,230,68.0,74.0,75.0,76,63,-10.25,15.6481,0.7373000000000001
Patrik Nemeth 2023,Patrik Nemeth,2023,D,30.646,76,230,74.0,75.0,76.0,63,75,3.0,14.977,0.44520000000000004
Justin Faulk 2015,Justin Faulk,2015,D,22.533,72,214,,66.0,64.0,76,82,13.333333333333329,18.8287,0.9643999999999999
Justin Faulk 2016,Justin Faulk,2016,D,23.532,72,214,66.0,64.0,76.0,82,64,-8.0,19.6579,1.0049
Justin Faulk 2017,Justin Faulk,2017,D,24.535,72,214,64.0,76.0,82.0,64,75,3.5,18.9169,0.9911
Justin Faulk 2018,Justin Faulk,2018,D,25.534,72,214,76.0,82.0,64.0,75,76,1.75,19.6587,0.9767
Justin Faulk 2019,Justin Faulk,2019,D,26.533,72,214,82.0,64.0,75.0,76,82,7.75,18.8048,0.5037
Justin Faulk 2020,Justin Faulk,2020,D,27.533,72,214,64.0,75.0,76.0,82,81,6.75,17.7502,1.0305
Justin Faulk 2021,Justin Faulk,2021,D,28.535,72,214,75.0,76.0,82.0,81,82,3.5,18.2787,0.5709
Justin Faulk 2022,Justin Faulk,2022,D,29.534,72,214,76.0,82.0,81.0,82,76,-4.25,20.6604,0.9335
Justin Faulk 2023,Justin Faulk,2023,D,30.533,72,214,82.0,81.0,82.0,76,82,1.75,19.8022,1.5947
Cam Fowler 2014,Cam Fowler,2014,D,21.824,74,215,,76.0,82.0,63,70,-3.6666666666666714,17.359,0.4671
Cam Fowler 2015,Cam Fowler,2015,D,22.823,74,215,76.0,82.0,63.0,70,80,7.25,17.6936,0.9204000000000001
Cam Fowler 2016,Cam Fowler,2016,D,23.823,74,215,82.0,63.0,70.0,80,69,-4.75,16.9473,1.0179
Cam Fowler 2017,Cam Fowler,2017,D,24.825,74,215,63.0,70.0,80.0,69,80,9.5,17.6118,0.5431
Cam Fowler 2018,Cam Fowler,2018,D,25.824,74,215,70.0,80.0,69.0,80,67,-7.75,19.0127,0.8678
Cam Fowler 2019,Cam Fowler,2019,D,26.823,74,215,80.0,69.0,80.0,67,59,-15.0,19.8833,0.9007000000000001
Cam Fowler 2023,Cam Fowler,2023,D,30.824,74,215,59.0,69.0,82.0,76,82,10.5,19.3546,0.979
Erik Gudbranson 2022,Erik Gudbranson,2022,D,29.734,77,222,52.0,76.0,60.0,64,78,15.0,15.386,0.35450000000000004
Erik Gudbranson 2023,Erik Gudbranson,2023,D,30.733,77,222,76.0,60.0,64.0,78,70,0.5,15.1284,0.8643999999999998
John Klingberg 2018,John Klingberg,2018,D,25.131,75,190,,65.0,76.0,80,82,8.333333333333329,19.9146,1.2050999999999998
John Klingberg 2019,John Klingberg,2019,D,26.131,75,190,65.0,76.0,80.0,82,64,-11.75,19.2827,1.6696
John Klingberg 2020,John Klingberg,2020,D,27.13,75,190,76.0,80.0,82.0,64,68,-7.5,20.7935,1.1271
John Klingberg 2021,John Klingberg,2021,D,28.132,75,190,80.0,82.0,64.0,68,77,3.5,19.2218,0.8073
John Klingberg 2022,John Klingberg,2022,D,29.132,75,190,82.0,64.0,68.0,77,74,1.25,19.4132,1.108
John Klingberg 2023,John Klingberg,2023,D,30.131,75,190,64.0,68.0,77.0,74,67,-3.75,19.0667,1.1481
Josh Manson 2019,Josh Manson,2019,D,26.985,75,218,28.0,71.0,82.0,80,74,8.75,17.8102,1.516
Josh Manson 2020,Josh Manson,2020,D,27.984,75,218,71.0,82.0,80.0,74,58,-18.75,19.009,0.6398
Dylan DeMelo 2021,Dylan DeMelo,2021,D,27.42,72,195,25.0,63.0,77.0,69,76,17.5,17.0353,0.4776
Dylan DeMelo 2022,Dylan DeMelo,2022,D,28.42,72,195,63.0,77.0,69.0,76,76,4.75,14.242,0.6482
Dylan DeMelo 2023,Dylan DeMelo,2023,D,29.419,72,195,77.0,69.0,76.0,76,75,0.5,15.7925,0.5499
Scott Mayfield 2022,Scott Mayfield,2022,D,28.965,77,220,47.0,79.0,79.0,82,61,-10.75,17.0372,0.9433
Scott Mayfield 2023,Scott Mayfield,2023,D,29.964,77,220,79.0,79.0,82.0,61,82,6.75,17.3637,0.963
Joel Edmundson 2019,Joel Edmundson,2019,D,25.26,77,221,,67.0,69.0,69,64,-4.333333333333329,18.1746,0.8132999999999999
Joel Edmundson 2020,Joel Edmundson,2020,D,26.259,77,221,67.0,69.0,69.0,64,80,12.75,17.1615,0.6009
Joel Edmundson 2021,Joel Edmundson,2021,D,27.262,77,221,69.0,69.0,64.0,80,80,9.5,15.56,1.1340999999999999
Adam Larsson 2018,Adam Larsson,2018,D,24.885,75,209,26.0,64.0,82.0,79,63,0.25,18.381,0.7851
Adam Larsson 2019,Adam Larsson,2019,D,25.884,75,209,64.0,82.0,79.0,63,82,10.0,19.4228,0.6374
Adam Larsson 2020,Adam Larsson,2020,D,26.884,75,209,82.0,79.0,63.0,82,57,-19.5,19.5297,0.7119
Dougie Hamilton 2016,Dougie Hamilton,2016,D,22.289,78,230,,71.0,64.0,72,82,13.0,17.6639,1.2738
Dougie Hamilton 2017,Dougie Hamilton,2017,D,23.292,78,230,71.0,64.0,72.0,82,81,8.75,16.8362,1.1734
Dougie Hamilton 2018,Dougie Hamilton,2018,D,24.291,78,230,64.0,72.0,82.0,81,82,7.25,16.5119,1.5702
Dougie Hamilton 2019,Dougie Hamilton,2019,D,25.29,78,230,72.0,82.0,81.0,82,82,2.75,18.3573,1.2755
Dougie Hamilton 2020,Dougie Hamilton,2020,D,26.29,78,230,82.0,81.0,82.0,82,55,-26.75,17.5315,1.3356
Jonas Brodin 2016,Jonas Brodin,2016,D,22.221,74,196,,76.0,79.0,71,68,-7.333333333333329,20.9768,0.564
Jonas Brodin 2017,Jonas Brodin,2017,D,23.223,74,196,76.0,79.0,71.0,68,68,-5.5,18.5301,0.33330000000000004
Jonas Brodin 2018,Jonas Brodin,2018,D,24.222,74,196,79.0,71.0,68.0,68,73,1.5,16.1681,0.9823
Jonas Brodin 2019,Jonas Brodin,2019,D,25.222,74,196,71.0,68.0,68.0,73,82,12.0,18.4192,0.8032
Jonas Brodin 2020,Jonas Brodin,2020,D,26.221,74,196,68.0,68.0,73.0,82,81,8.25,18.151,0.645
Jonas Brodin 2021,Jonas Brodin,2021,D,27.223,74,196,68.0,73.0,82.0,81,77,1.0,18.9896,1.1448
Jonas Brodin 2022,Jonas Brodin,2022,D,28.223,74,196,73.0,82.0,81.0,77,73,-5.25,19.3151,1.2309
Jonas Brodin 2023,Jonas Brodin,2023,D,29.222,74,196,82.0,81.0,77.0,73,60,-18.25,19.2219,0.9407
Jamie Oleksiak 2023,Jamie Oleksiak,2023,D,29.778,79,257,57.0,81.0,82.0,72,75,2.0,17.3826,0.767
Nathan Beaulieu 2018,Nathan Beaulieu,2018,D,24.822,74,200,17.0,64.0,64.0,74,59,4.25,16.8694,0.769
Connor Murphy 2018,Connor Murphy,2018,D,24.518,76,212,30.0,73.0,78.0,77,76,11.5,17.0504,0.7312000000000001
Connor Murphy 2019,Connor Murphy,2019,D,25.517,76,212,73.0,78.0,77.0,76,52,-24.0,15.1557,0.7293000000000001
Colin Miller 2020,Colin Miller,2020,D,26.922,73,200,42.0,61.0,82.0,65,60,-2.5,16.6869,0.885
Colin Miller 2021,Colin Miller,2021,D,27.924,73,200,61.0,82.0,65.0,60,70,3.0,15.4036,0.6111
Torey Krug 2017,Torey Krug,2017,D,25.474,69,194,1.0,79.0,78.0,81,81,21.25,17.6698,1.0061
Torey Krug 2018,Torey Krug,2018,D,26.473,69,194,79.0,78.0,81.0,81,76,-3.75,17.9632,1.0721
Torey Krug 2019,Torey Krug,2019,D,27.472,69,194,78.0,81.0,81.0,76,64,-15.0,16.5706,1.6199
Torey Krug 2020,Torey Krug,2020,D,28.472,69,194,81.0,81.0,76.0,64,71,-4.5,17.3815,1.2405
Torey Krug 2021,Torey Krug,2021,D,29.474,69,194,81.0,76.0,64.0,71,74,1.0,16.3724,1.2616
Torey Krug 2022,Torey Krug,2022,D,30.473,69,194,76.0,64.0,71.0,74,64,-7.25,19.2775,1.1595
Torey Krug 2023,Torey Krug,2023,D,31.472,69,194,64.0,71.0,74.0,64,63,-5.25,17.5154,1.231
Morgan Rielly 2017,Morgan Rielly,2017,D,22.566,73,222,,73.0,81.0,82,76,-2.6666666666666714,19.0303,1.0381
Morgan Rielly 2018,Morgan Rielly,2018,D,23.565,73,222,73.0,81.0,82.0,76,76,-2.0,18.8305,0.9223
Morgan Rielly 2019,Morgan Rielly,2019,D,24.565,73,222,81.0,82.0,76.0,76,82,3.25,18.2458,1.1682
Morgan Rielly 2020,Morgan Rielly,2020,D,25.564,73,222,82.0,76.0,76.0,82,55,-24.0,19.437,1.92
Hampus Lindholm 2017,Hampus Lindholm,2017,D,22.697,76,215,,78.0,78.0,80,66,-12.666666666666671,17.8075,0.5055000000000001
Hampus Lindholm 2018,Hampus Lindholm,2018,D,23.697,76,215,78.0,78.0,80.0,66,69,-6.5,18.1783,0.7501
Hampus Lindholm 2019,Hampus Lindholm,2019,D,24.696,76,215,78.0,80.0,66.0,69,76,2.75,18.5906,1.0756999999999999
Hampus Lindholm 2020,Hampus Lindholm,2020,D,25.695,76,215,80.0,66.0,69.0,76,64,-8.75,19.7048,0.8414
Brady Skjei 2020,Brady Skjei,2020,D,25.517,75,210,7.0,80.0,82.0,78,79,17.25,18.7581,0.9843000000000001
Brady Skjei 2021,Brady Skjei,2021,D,26.52,75,210,80.0,82.0,78.0,79,76,-3.75,17.9313,1.0987
Brady Skjei 2022,Brady Skjei,2022,D,27.519,75,210,82.0,78.0,79.0,76,82,3.25,17.9051,0.58
Brady Skjei 2023,Brady Skjei,2023,D,28.518,75,210,78.0,79.0,76.0,82,81,2.25,18.5228,1.5406
Olli Maatta 2021,Olli Maatta,2021,D,26.112,74,207,55.0,82.0,60.0,76,60,-8.25,16.1928,0.855
Olli Maatta 2022,Olli Maatta,2022,D,27.111,74,207,82.0,60.0,76.0,60,66,-3.5,14.9772,0.39080000000000004
Olli Maatta 2023,Olli Maatta,2023,D,28.11,74,207,60.0,76.0,60.0,66,78,12.5,16.3639,0.4445
Mike Matheson 2021,Mike Matheson,2021,D,26.593,74,193,,81.0,75.0,69,64,-11.0,16.3644,1.1186
Mike Matheson 2022,Mike Matheson,2022,D,27.593,74,193,81.0,75.0,69.0,64,74,1.75,17.5777,1.1637
Cody Ceci 2018,Cody Ceci,2018,D,23.779,74,210,49.0,81.0,75.0,79,82,11.0,19.2152,0.5535
Cody Ceci 2019,Cody Ceci,2019,D,24.778,74,210,81.0,75.0,79.0,82,74,-5.25,19.9244,0.5141
Cody Ceci 2020,Cody Ceci,2020,D,25.778,74,210,75.0,79.0,82.0,74,66,-11.5,19.5766,1.0354
Cody Ceci 2021,Cody Ceci,2021,D,26.78,74,210,79.0,82.0,74.0,66,77,1.75,17.544,0.48860000000000003
Cody Ceci 2022,Cody Ceci,2022,D,27.779,74,210,82.0,74.0,66.0,77,78,3.25,15.9597,1.2059000000000002
Cody Ceci 2023,Cody Ceci,2023,D,28.778,74,210,74.0,66.0,77.0,78,80,6.25,18.222,1.0554
Jacob Trouba 2017,Jacob Trouba,2017,D,22.596,75,203,,65.0,65.0,81,60,-10.333333333333329,18.0292,0.6162
Jacob Trouba 2018,Jacob Trouba,2018,D,23.595,75,203,65.0,65.0,81.0,60,55,-12.75,20.295,1.3797
Matt Grzelcyk 2021,Matt Grzelcyk,2021,D,26.739,70,176,2.0,61.0,66.0,80,54,1.75,15.3699,0.7463
Colton Parayko 2019,Colton Parayko,2019,D,25.389,78,228,,79.0,81.0,82,80,-0.6666666666666714,18.7667,1.0138
Colton Parayko 2020,Colton Parayko,2020,D,26.388,78,228,79.0,81.0,82.0,80,75,-5.5,20.0369,0.7111999999999999
Esa Lindell 2020,Esa Lindell,2020,D,25.359,75,220,4.0,73.0,80.0,82,81,21.25,19.925,0.8447
Esa Lindell 2021,Esa Lindell,2021,D,26.361,75,220,73.0,80.0,82.0,81,82,3.0,18.3853,0.6149
Esa Lindell 2022,Esa Lindell,2022,D,27.36,75,220,80.0,82.0,81.0,82,76,-5.25,18.9804,0.7338
Esa Lindell 2023,Esa Lindell,2023,D,28.359,75,220,82.0,81.0,82.0,76,82,1.75,18.9154,0.793
Shayne Gostisbehere 2019,Shayne Gostisbehere,2019,D,25.449,71,180,2.0,64.0,76.0,78,78,23.0,17.7665,1.3855999999999997
Damon Severson 2019,Damon Severson,2019,D,24.151,74,205,51.0,72.0,80.0,76,82,12.25,17.6603,0.894
Damon Severson 2020,Damon Severson,2020,D,25.151,74,205,72.0,80.0,76.0,82,81,3.5,18.0858,1.0518999999999998
Damon Severson 2021,Damon Severson,2021,D,26.153,74,205,80.0,76.0,82.0,81,82,2.25,18.3319,0.9961
Damon Severson 2022,Damon Severson,2022,D,27.152,74,205,76.0,82.0,81.0,82,80,-0.25,18.5176,0.9258
Damon Severson 2023,Damon Severson,2023,D,28.151,74,205,82.0,81.0,82.0,80,81,-0.25,18.6865,1.1640000000000001
Jaccob Slavin 2019,Jaccob Slavin,2019,D,24.42,75,207,,63.0,82.0,82,82,6.333333333333329,19.3864,1.0568
Jaccob Slavin 2020,Jaccob Slavin,2020,D,25.419,75,207,63.0,82.0,82.0,82,80,2.75,18.813,0.8557
Jaccob Slavin 2021,Jaccob Slavin,2021,D,26.421,75,207,82.0,82.0,82.0,80,76,-5.5,19.3265,1.4609
Jaccob Slavin 2022,Jaccob Slavin,2022,D,27.42,75,207,82.0,82.0,80.0,76,79,-1.0,20.0734,0.7472
Jaccob Slavin 2023,Jaccob Slavin,2023,D,28.42,75,207,82.0,80.0,76.0,79,76,-3.25,18.8994,1.3262
Brett Kulak 2023,Brett Kulak,2023,D,28.735,73,197,57.0,66.0,67.0,74,82,16.0,16.511,0.9821
Matthew Benning 2020,Matthew Benning,2020,D,25.353,73,203,,62.0,73.0,70,50,-18.33333333333333,13.1288,0.9792000000000001
Ben Hutton 2019,Ben Hutton,2019,D,25.449,75,201,,75.0,71.0,61,69,0.0,15.815,0.1866
Ben Hutton 2020,Ben Hutton,2020,D,26.448,75,201,75.0,71.0,61.0,69,76,7.0,18.2196,0.525
Ben Hutton 2021,Ben Hutton,2021,D,27.45,75,201,71.0,61.0,69.0,76,55,-14.25,16.6285,0.8882000000000001
Nate Schmidt 2019,Nate Schmidt,2019,D,27.212,72,195,39.0,72.0,60.0,76,61,-0.75,18.5586,1.0635
Nate Schmidt 2020,Nate Schmidt,2020,D,28.212,72,195,72.0,60.0,76.0,61,69,1.75,18.6331,1.1613
Nate Schmidt 2021,Nate Schmidt,2021,D,29.214,72,195,60.0,76.0,61.0,69,79,12.5,18.9585,1.2872999999999999
Nate Schmidt 2022,Nate Schmidt,2022,D,30.213,72,195,76.0,61.0,69.0,79,77,5.75,17.2679,0.9008
Nate Schmidt 2023,Nate Schmidt,2023,D,31.212,72,195,61.0,69.0,79.0,77,71,-0.5,17.8095,0.8751
Carson Soucy 2023,Carson Soucy,2023,D,28.181,77,208,,64.0,73.0,64,78,11.0,15.3208,1.0403
Ryan Graves 2023,Ryan Graves,2023,D,27.366,77,220,26.0,81.0,79.0,75,78,12.75,18.17,1.2328
Shea Theodore 2021,Shea Theodore,2021,D,25.164,74,197,34.0,61.0,79.0,83,77,12.75,18.8601,1.2993999999999999
Shea Theodore 2022,Shea Theodore,2022,D,26.164,74,197,61.0,79.0,83.0,77,78,3.0,19.1638,1.595
Shea Theodore 2023,Shea Theodore,2023,D,27.163,74,197,79.0,83.0,77.0,78,55,-24.25,20.3359,1.4752
Brett Pesce 2019,Brett Pesce,2019,D,23.877,75,206,,69.0,82.0,65,73,1.0,18.2597,0.9606000000000001
Brett Pesce 2020,Brett Pesce,2020,D,24.877,75,206,69.0,82.0,65.0,73,71,-1.25,17.8406,1.2439
Brett Pesce 2021,Brett Pesce,2021,D,25.879,75,206,82.0,65.0,73.0,71,80,7.25,18.2743,0.8612000000000001
Brett Pesce 2022,Brett Pesce,2022,D,26.878,75,206,65.0,73.0,71.0,80,70,-2.25,18.7518,1.1635
Brett Pesce 2023,Brett Pesce,2023,D,27.878,75,206,73.0,71.0,80.0,70,82,8.5,18.436,1.1623
Seth Jones 2017,Seth Jones,2017,D,21.996,76,213,,77.0,82.0,81,75,-5.0,17.5012,0.7196
Seth Jones 2018,Seth Jones,2018,D,22.996,76,213,77.0,82.0,81.0,75,78,-0.75,19.6036,1.4283000000000001
Seth Jones 2019,Seth Jones,2019,D,23.995,76,213,82.0,81.0,75.0,78,75,-4.0,20.0618,1.2653
Seth Jones 2020,Seth Jones,2020,D,24.995,76,213,81.0,75.0,78.0,75,66,-11.25,21.1924,1.2456
Seth Jones 2021,Seth Jones,2021,D,25.997,76,213,75.0,78.0,75.0,66,82,8.5,20.2247,1.0595
Seth Jones 2022,Seth Jones,2022,D,26.996,76,213,78.0,75.0,66.0,82,78,2.75,21.0554,1.0177
Seth Jones 2023,Seth Jones,2023,D,27.995,76,213,75.0,66.0,82.0,78,72,-3.25,20.8673,1.1427
Darnell Nurse 2021,Darnell Nurse,2021,D,25.657,76,221,44.0,82.0,82.0,83,82,9.25,20.1913,1.1719
Darnell Nurse 2022,Darnell Nurse,2022,D,26.656,76,221,82.0,82.0,83.0,82,71,-11.25,21.761,1.4278
Darnell Nurse 2023,Darnell Nurse,2023,D,27.656,76,221,82.0,83.0,82.0,71,82,2.5,21.0847,1.0421
Rasmus Ristolainen 2018,Rasmus Ristolainen,2018,D,22.93,76,221,34.0,78.0,82.0,79,73,4.75,20.2895,0.7112
Rasmus Ristolainen 2019,Rasmus Ristolainen,2019,D,23.929,76,221,78.0,82.0,79.0,73,78,0.0,20.0324,0.7385
Rasmus Ristolainen 2020,Rasmus Ristolainen,2020,D,24.929,76,221,82.0,79.0,73.0,78,81,3.0,19.4622,1.0276
Rasmus Ristolainen 2021,Rasmus Ristolainen,2021,D,25.931,76,221,79.0,73.0,78.0,81,71,-6.75,18.179,1.1002
Rasmus Ristolainen 2022,Rasmus Ristolainen,2022,D,26.93,76,221,73.0,78.0,81.0,71,66,-9.75,18.181,0.7408999999999999
Rasmus Ristolainen 2023,Rasmus Ristolainen,2023,D,27.93,76,221,78.0,81.0,71.0,66,74,0.0,18.8444,0.7237
Josh Morrissey 2023,Josh Morrissey,2023,D,27.513,72,185,59.0,76.0,82.0,79,78,4.0,20.0629,0.8328
Ryan Pulock 2021,Ryan Pulock,2021,D,25.988,74,216,1.0,68.0,82.0,80,82,24.25,19.0527,1.2504
Ryan Pulock 2022,Ryan Pulock,2022,D,26.988,74,216,68.0,82.0,80.0,82,56,-22.0,18.9747,0.9034
Nikita Zadorov 2021,Nikita Zadorov,2021,D,25.463,78,248,56.0,77.0,70.0,75,79,9.5,15.856,0.7686
Nikita Zadorov 2022,Nikita Zadorov,2022,D,26.462,78,248,77.0,70.0,75.0,79,74,-1.25,17.3404,0.4486
Nikita Zadorov 2023,Nikita Zadorov,2023,D,27.461,78,248,70.0,75.0,79.0,74,82,7.5,15.9259,1.12
Aaron Ekblad 2018,Aaron Ekblad,2018,D,21.649,76,215,,81.0,78.0,68,82,6.333333333333329,17.8417,0.5935
Aaron Ekblad 2019,Aaron Ekblad,2019,D,22.648,76,215,81.0,78.0,68.0,82,82,4.75,19.0033,1.0396
Aaron Ekblad 2020,Aaron Ekblad,2020,D,23.647,76,215,78.0,68.0,82.0,82,79,1.5,19.6289,1.0065
Aaron Ekblad 2021,Aaron Ekblad,2021,D,24.65,76,215,68.0,82.0,82.0,79,51,-26.75,19.3067,1.577
Travis Sanheim 2022,Travis Sanheim,2022,D,25.509,75,181,49.0,82.0,81.0,80,80,7.0,19.16,0.8541000000000001
Travis Sanheim 2023,Travis Sanheim,2023,D,26.509,75,181,82.0,81.0,80.0,80,81,0.25,20.13,1.155
Marcus Pettersson 2022,Marcus Pettersson,2022,D,25.4,75,177,22.0,84.0,81.0,68,72,8.25,15.4181,0.7452000000000001
Marcus Pettersson 2023,Marcus Pettersson,2023,D,26.399,75,177,84.0,81.0,68.0,72,68,-8.25,15.0063,1.0552
Brandon Montour 2021,Brandon Montour,2021,D,26.476,72,194,27.0,80.0,82.0,63,73,10.0,17.6648,1.0064
Brandon Montour 2022,Brandon Montour,2022,D,27.475,72,194,80.0,82.0,63.0,73,81,6.5,18.142,0.9922
Brandon Montour 2023,Brandon Montour,2023,D,28.474,72,194,82.0,63.0,73.0,81,80,5.25,15.8961,1.3514
Devon Toews 2023,Devon Toews,2023,D,28.609,73,191,48.0,80.0,77.0,66,80,12.25,20.8533,1.9618000000000002
Noah Hanifin 2019,Noah Hanifin,2019,D,21.682,75,207,,79.0,81.0,79,80,0.3333333333333286,16.9665,1.1192
Noah Hanifin 2020,Noah Hanifin,2020,D,22.681,75,207,79.0,81.0,79.0,80,82,2.25,17.9515,1.0863
Noah Hanifin 2021,Noah Hanifin,2021,D,23.683,75,207,81.0,79.0,80.0,82,68,-12.5,18.0593,0.8069
Noah Hanifin 2022,Noah Hanifin,2022,D,24.682,75,207,79.0,80.0,82.0,68,81,3.75,18.6518,0.8214
Noah Hanifin 2023,Noah Hanifin,2023,D,25.682,75,207,80.0,82.0,68.0,81,81,3.25,17.5539,1.4348
Rasmus Andersson 2022,Rasmus Andersson,2022,D,24.929,73,202,10.0,79.0,82.0,82,82,18.75,17.6173,0.9122999999999999
Rasmus Andersson 2023,Rasmus Andersson,2023,D,25.928,73,202,79.0,82.0,82.0,82,79,-2.25,17.9209,1.2249
Vince Dunn 2021,Vince Dunn,2021,D,23.924,72,200,,75.0,78.0,83,62,-16.66666666666667,14.6575,0.7495
Vince Dunn 2022,Vince Dunn,2022,D,24.923,72,200,75.0,78.0,83.0,62,73,-1.5,17.4984,1.0366
Vince Dunn 2023,Vince Dunn,2023,D,25.923,72,200,78.0,83.0,62.0,73,81,7.0,18.1361,1.0876
Travis Dermott 2022,Travis Dermott,2022,D,24.775,72,202,37.0,64.0,66.0,74,60,-0.25,12.6846,0.5564
Brandon Carlo 2020,Brandon Carlo,2020,D,22.845,78,218,,82.0,76.0,72,79,2.3333333333333286,18.1019,0.3683
Zach Werenski 2020,Zach Werenski,2020,D,22.202,74,213,,78.0,77.0,82,74,-5.0,19.1455,1.1083
Zach Werenski 2021,Zach Werenski,2021,D,23.204,74,213,78.0,77.0,82.0,74,51,-26.75,19.2667,1.3346
Thomas Chabot 2021,Thomas Chabot,2021,D,23.669,74,195,1.0,63.0,70.0,83,71,16.75,22.4362,1.0547
Thomas Chabot 2022,Thomas Chabot,2022,D,24.669,74,195,63.0,70.0,83.0,71,59,-12.75,22.5425,1.3037
Ivan Provorov 2020,Ivan Provorov,2020,D,22.714,73,201,,82.0,82.0,82,81,-1.0,20.6333,0.851
Ivan Provorov 2021,Ivan Provorov,2021,D,23.716,73,201,82.0,82.0,82.0,81,82,0.25,18.8877,0.8747
Ivan Provorov 2022,Ivan Provorov,2022,D,24.715,73,201,82.0,82.0,81.0,82,79,-2.75,19.7515,0.8678999999999999
Ivan Provorov 2023,Ivan Provorov,2023,D,25.715,73,201,82.0,81.0,82.0,79,82,1.0,19.9639,0.8369
John Marino 2023,John Marino,2023,D,25.364,73,181,,66.0,76.0,81,64,-10.333333333333329,17.2675,0.9009
Vladislav Gavrikov 2023,Vladislav Gavrikov,2023,D,26.862,75,221,,81.0,80.0,80,72,-8.333333333333329,19.0667,1.2587
Matt Roy 2023,Matt Roy,2023,D,27.587,73,205,25.0,82.0,64.0,67,82,22.5,18.1346,0.8395
Adam Fox 2023,Adam Fox,2023,D,24.619,71,182,,82.0,80.0,78,82,2.0,18.8182,1.5943
Ryan Lindgren 2023,Ryan Lindgren,2023,D,24.636,72,190,5.0,70.0,74.0,78,63,6.25,17.7917,0.6485000000000001
Charlie McAvoy 2023,Charlie McAvoy,2023,D,24.778,73,209,54.0,79.0,74.0,78,67,-4.25,19.3143,1.354
Samuel Girard 2021,Samuel Girard,2021,D,22.391,70,170,,73.0,82.0,82,70,-9.0,18.6817,0.9634
Samuel Girard 2022,Samuel Girard,2022,D,23.39,70,170,73.0,82.0,82.0,70,67,-9.75,19.5493,1.4706
Samuel Girard 2023,Samuel Girard,2023,D,24.389,70,170,82.0,82.0,70.0,67,76,0.75,19.1438,0.9823999999999999
Mikhail Sergachev 2021,Mikhail Sergachev,2021,D,22.27,73,217,4.0,79.0,75.0,82,82,22.0,17.2243,0.9953
Mikhail Sergachev 2022,Mikhail Sergachev,2022,D,23.27,73,217,79.0,75.0,82.0,82,78,-1.5,18.0199,1.3081
Mikhail Sergachev 2023,Mikhail Sergachev,2023,D,24.269,73,217,75.0,82.0,82.0,78,79,-0.25,18.7417,1.2313
Filip Hronek 2023,Filip Hronek,2023,D,24.912,72,190,46.0,76.0,82.0,78,64,-6.5,18.4816,1.2903
Troy Stecher 2020,Troy Stecher,2020,D,25.485,70,184,,71.0,68.0,78,81,8.666666666666671,17.587,0.8747
Troy Stecher 2021,Troy Stecher,2021,D,26.487,70,184,71.0,68.0,78.0,81,64,-10.5,14.6002,1.0125000000000002
Nikita Zaitsev 2020,Nikita Zaitsev,2020,D,27.924,74,192,,82.0,60.0,81,68,-6.333333333333329,17.5572,0.5907
Nikita Zaitsev 2021,Nikita Zaitsev,2021,D,28.926,74,192,82.0,60.0,81.0,68,80,7.25,18.8724,0.6577999999999999
Nikita Zaitsev 2022,Nikita Zaitsev,2022,D,29.926,74,192,60.0,81.0,68.0,80,62,-10.25,19.5767,0.8916
Mario Ferraro 2023,Mario Ferraro,2023,D,24.039,72,209,,71.0,82.0,63,72,0.0,19.6167,0.6796
Henri Jokiharju 2023,Henri Jokiharju,2023,D,23.292,72,200,38.0,81.0,67.0,60,60,-1.5,18.7656,0.7992999999999999
Miro Heiskanen 2022,Miro Heiskanen,2022,D,22.207,73,195,,82.0,80.0,80,70,-10.666666666666671,20.647,0.8453999999999999
Miro Heiskanen 2023,Miro Heiskanen,2023,D,23.207,73,195,82.0,80.0,80.0,70,79,1.0,20.8962,1.0254
Cale Makar 2023,Cale Makar,2023,D,23.921,71,187,,67.0,64.0,77,60,-9.333333333333329,20.4165,1.9847000000000001
Neal Pionk 2022,Neal Pionk,2022,D,26.177,72,185,28.0,73.0,83.0,79,77,11.25,18.9864,1.2875
Neal Pionk 2023,Neal Pionk,2023,D,27.177,72,185,73.0,83.0,79.0,77,82,4.0,17.8669,0.9595
Quinn Hughes 2023,Quinn Hughes,2023,D,22.966,70,180,5.0,80.0,82.0,76,78,17.25,20.5257,1.3462
Rasmus Dahlin 2022,Rasmus Dahlin,2022,D,21.468,75,202,,82.0,69.0,82,80,2.3333333333333286,18.4307,0.6975
Rasmus Dahlin 2023,Rasmus Dahlin,2023,D,22.467,75,202,82.0,69.0,82.0,80,78,-0.25,20.039,1.1603
Ilya Lyubushkin 2023,Ilya Lyubushkin,2023,D,28.488,74,200,41.0,60.0,61.0,77,68,8.25,15.4706,0.7051000000000001
Zdeno Chara 2011,Zdeno Chara,2011,D,33.54,81,250,,77.0,80.0,80,81,2.0,19.484,1.0393000000000001
Zdeno Chara 2012,Zdeno Chara,2012,D,34.539,81,250,77.0,80.0,80.0,81,79,-0.5,19.4558,1.028
Zdeno Chara 2013,Zdeno Chara,2013,D,35.541,81,250,80.0,80.0,81.0,79,82,2.0,19.6209,1.2772999999999999
Zdeno Chara 2014,Zdeno Chara,2014,D,36.54,81,250,80.0,81.0,79.0,82,77,-3.5,19.2319,0.91
Zdeno Chara 2015,Zdeno Chara,2015,D,37.54,81,250,81.0,79.0,82.0,77,63,-16.75,19.0346,0.9825
Zdeno Chara 2016,Zdeno Chara,2016,D,38.539,81,250,79.0,82.0,77.0,63,80,4.75,18.2116,0.6275999999999999
Zdeno Chara 2017,Zdeno Chara,2017,D,39.541,81,250,82.0,77.0,63.0,80,75,-0.5,19.195,0.9769
Zdeno Chara 2018,Zdeno Chara,2018,D,40.54,81,250,77.0,63.0,80.0,75,73,-0.75,19.0896,1.0059
Zdeno Chara 2019,Zdeno Chara,2019,D,41.54,81,250,63.0,80.0,75.0,73,62,-10.75,18.829,1.0041
Zdeno Chara 2020,Zdeno Chara,2020,D,42.539,81,250,80.0,75.0,73.0,62,80,7.5,17.964,0.5926
Zdeno Chara 2021,Zdeno Chara,2021,D,43.541,81,250,75.0,73.0,62.0,80,80,7.5,17.6277,0.7008000000000001
Zdeno Chara 2022,Zdeno Chara,2022,D,44.541,81,250,73.0,62.0,80.0,80,72,-1.75,15.2921,0.7135
Duncan Keith 2011,Duncan Keith,2011,D,27.212,73,192,,82.0,77.0,82,82,1.6666666666666714,20.7057,1.6963
Duncan Keith 2012,Duncan Keith,2012,D,28.212,73,192,82.0,77.0,82.0,82,74,-6.75,21.2526,0.7574
Duncan Keith 2013,Duncan Keith,2013,D,29.214,73,192,77.0,82.0,82.0,74,80,1.25,21.425,0.9460999999999999
Duncan Keith 2014,Duncan Keith,2014,D,30.213,73,192,82.0,82.0,74.0,80,79,-0.5,19.0826,1.0704
Duncan Keith 2015,Duncan Keith,2015,D,31.212,73,192,82.0,74.0,80.0,79,80,1.25,19.0888,1.5517
Duncan Keith 2016,Duncan Keith,2016,D,32.212,73,192,74.0,80.0,79.0,80,67,-11.25,19.9017,1.0552000000000001
Duncan Keith 2017,Duncan Keith,2017,D,33.214,73,192,80.0,79.0,80.0,67,80,3.5,19.7331,1.0891
Duncan Keith 2018,Duncan Keith,2018,D,34.213,73,192,79.0,80.0,67.0,80,82,5.5,20.0052,1.4247
Duncan Keith 2019,Duncan Keith,2019,D,35.212,73,192,80.0,67.0,80.0,82,82,4.75,18.8035,0.8561
Duncan Keith 2020,Duncan Keith,2020,D,36.212,73,192,67.0,80.0,82.0,82,71,-6.75,19.6051,1.3436
Duncan Keith 2021,Duncan Keith,2021,D,37.214,73,192,80.0,82.0,82.0,71,77,-1.75,19.2686,0.8167
Duncan Keith 2022,Duncan Keith,2022,D,38.213,73,192,82.0,82.0,71.0,77,64,-14.0,18.178,0.5605
Andrej Sekera 2014,Andrej Sekera,2014,D,27.316,72,200,49.0,76.0,69.0,63,74,9.75,18.2608,0.9768000000000001
Andrej Sekera 2015,Andrej Sekera,2015,D,28.316,72,200,76.0,69.0,63.0,74,73,2.5,18.3613,1.2365
Andrej Sekera 2016,Andrej Sekera,2016,D,29.315,72,200,69.0,63.0,74.0,73,81,11.25,18.3927,0.715
Andrej Sekera 2017,Andrej Sekera,2017,D,30.317,72,200,63.0,74.0,73.0,81,80,7.25,17.8574,0.6222
Kris Russell 2011,Kris Russell,2011,D,23.417,70,170,,67.0,66.0,70,73,5.333333333333329,15.6464,0.8217
Kris Russell 2012,Kris Russell,2012,D,24.417,70,170,67.0,66.0,70.0,73,55,-14.0,14.3559,0.9161
Kris Russell 2017,Kris Russell,2017,D,29.419,70,170,56.0,68.0,79.0,62,68,1.75,19.6038,0.7404
Kris Russell 2018,Kris Russell,2018,D,30.418,70,170,68.0,79.0,62.0,68,78,8.75,18.6105,0.5689
Kris Russell 2019,Kris Russell,2019,D,31.418,70,170,79.0,62.0,68.0,78,72,0.25,16.7771,0.8711
Kris Russell 2020,Kris Russell,2020,D,32.417,70,170,62.0,68.0,78.0,72,64,-6.0,18.2481,0.685
Kris Russell 2021,Kris Russell,2021,D,33.419,70,170,68.0,78.0,72.0,64,51,-19.5,14.3333,0.6088
Keith Yandle 2012,Keith Yandle,2012,D,25.06,73,192,43.0,69.0,82.0,82,82,13.0,19.5278,1.199
Keith Yandle 2013,Keith Yandle,2013,D,26.062,73,192,69.0,82.0,82.0,82,82,3.25,18.6533,1.2551999999999999
Keith Yandle 2014,Keith Yandle,2014,D,27.062,73,192,82.0,82.0,82.0,82,82,0.0,18.6372,1.3415
Keith Yandle 2015,Keith Yandle,2015,D,28.061,73,192,82.0,82.0,82.0,82,84,2.0,19.515,0.8249
Keith Yandle 2016,Keith Yandle,2016,D,29.06,73,192,82.0,82.0,82.0,84,82,-0.5,18.6448,0.8811
Keith Yandle 2017,Keith Yandle,2017,D,30.062,73,192,82.0,82.0,84.0,82,82,-0.5,17.2839,1.0583
Keith Yandle 2018,Keith Yandle,2018,D,31.062,73,192,82.0,84.0,82.0,82,82,-0.5,17.2545,0.933
Keith Yandle 2019,Keith Yandle,2019,D,32.061,73,192,84.0,82.0,82.0,82,82,-0.5,18.9376,1.391
Keith Yandle 2020,Keith Yandle,2020,D,33.06,73,192,82.0,82.0,82.0,82,81,-1.0,18.4955,0.9099000000000002
Keith Yandle 2021,Keith Yandle,2021,D,34.063,73,192,82.0,82.0,82.0,81,82,0.25,15.8205,1.3192
Keith Yandle 2022,Keith Yandle,2022,D,35.062,73,192,82.0,82.0,81.0,82,77,-4.75,12.7506,0.7563
Andy Greene 2016,Andy Greene,2016,D,32.921,71,190,56.0,82.0,82.0,82,82,6.5,19.0295,0.7690999999999999
Andy Greene 2017,Andy Greene,2017,D,33.923,71,190,82.0,82.0,82.0,82,66,-16.0,19.1177,0.42100000000000004
Andy Greene 2018,Andy Greene,2018,D,34.922,71,190,82.0,82.0,82.0,66,81,3.0,17.4949,0.3638
Andy Greene 2019,Andy Greene,2019,D,35.922,71,190,82.0,82.0,66.0,81,82,4.25,17.8101,0.5408
Andy Greene 2020,Andy Greene,2020,D,36.921,71,190,82.0,66.0,81.0,82,74,-3.75,16.6311,0.836
Andy Greene 2021,Andy Greene,2021,D,37.923,71,190,66.0,81.0,82.0,74,80,4.25,16.114,0.6500999999999999
Andy Greene 2022,Andy Greene,2022,D,38.922,71,190,81.0,82.0,74.0,80,69,-10.25,15.5685,0.3503
P.K. Subban 2014,P.K. Subban,2014,D,24.387,72,210,2.0,77.0,81.0,71,82,24.25,17.0679,1.0044
P.K. Subban 2015,P.K. Subban,2015,D,25.386,72,210,77.0,81.0,71.0,82,82,4.25,19.2888,1.138
P.K. Subban 2016,P.K. Subban,2016,D,26.385,72,210,81.0,71.0,82.0,82,68,-11.0,20.3526,1.4021
P.K. Subban 2017,P.K. Subban,2017,D,27.387,72,210,71.0,82.0,82.0,68,66,-9.75,19.414,1.2270999999999999
P.K. Subban 2018,P.K. Subban,2018,D,28.387,72,210,82.0,82.0,68.0,66,82,7.5,19.6924,1.0618
P.K. Subban 2019,P.K. Subban,2019,D,29.386,72,210,82.0,68.0,66.0,82,63,-11.5,18.3524,1.3157
P.K. Subban 2020,P.K. Subban,2020,D,30.385,72,210,68.0,66.0,82.0,63,80,10.25,18.5317,1.0279
P.K. Subban 2021,P.K. Subban,2021,D,31.388,72,210,66.0,82.0,63.0,80,64,-8.75,17.9547,0.5897
P.K. Subban 2022,P.K. Subban,2022,D,32.387,72,210,82.0,63.0,80.0,64,77,4.75,18.7235,1.0196
Thomas Hickey 2016,Thomas Hickey,2016,D,26.643,72,185,,66.0,82.0,81,62,-14.333333333333329,16.8021,0.8817999999999999
Thomas Hickey 2017,Thomas Hickey,2017,D,27.645,72,185,66.0,82.0,81.0,62,76,3.25,14.9336,1.1664
Thomas Hickey 2018,Thomas Hickey,2018,D,28.644,72,185,82.0,81.0,62.0,76,69,-6.25,14.9796,0.8958999999999999
Michael Del Zotto 2015,Michael Del Zotto,2015,D,24.272,72,195,47.0,77.0,78.0,67,64,-3.25,15.5771,0.6324
Michael Del Zotto 2016,Michael Del Zotto,2016,D,25.271,72,195,77.0,78.0,67.0,64,52,-19.5,18.2589,1.181
John Moore 2019,John Moore,2019,D,27.867,75,207,57.0,73.0,63.0,81,61,-7.5,17.8047,0.624
Christopher Tanev 2016,Christopher Tanev,2016,D,25.78,74,193,25.0,64.0,64.0,70,69,13.25,17.8488,0.8644000000000001
Christopher Tanev 2017,Christopher Tanev,2017,D,26.782,74,193,64.0,64.0,70.0,69,53,-13.75,17.6546,0.6896
Mark Pysyk 2020,Mark Pysyk,2020,D,27.721,73,198,55.0,82.0,82.0,70,68,-4.25,16.4324,0.5216000000000001
Mark Pysyk 2021,Mark Pysyk,2021,D,28.724,73,198,82.0,82.0,70.0,68,52,-23.5,11.9328,1.5605
Danny DeKeyser 2017,Danny DeKeyser,2017,D,26.572,75,183,18.0,65.0,80.0,78,82,21.75,18.6233,0.8260000000000001
Danny DeKeyser 2018,Danny DeKeyser,2018,D,27.571,75,183,65.0,80.0,78.0,82,65,-11.25,18.7335,0.4687
Danny DeKeyser 2019,Danny DeKeyser,2019,D,28.57,75,183,80.0,78.0,82.0,65,52,-24.25,17.9544,0.6169
Braydon Coburn 2011,Braydon Coburn,2011,D,25.591,77,224,,78.0,80.0,81,82,2.3333333333333286,16.7831,0.7061999999999999
Braydon Coburn 2012,Braydon Coburn,2012,D,26.591,77,224,78.0,80.0,81.0,82,81,0.75,18.2256,0.6022
Braydon Coburn 2013,Braydon Coburn,2013,D,27.593,77,224,80.0,81.0,82.0,81,56,-25.0,18.3436,0.8883000000000001
Braydon Coburn 2019,Braydon Coburn,2019,D,33.592,77,224,43.0,80.0,80.0,72,74,5.25,13.9051,0.899
Shea Weber 2012,Shea Weber,2012,D,26.131,76,230,54.0,81.0,78.0,82,78,4.25,19.5033,1.1256
Shea Weber 2013,Shea Weber,2013,D,27.133,76,230,81.0,78.0,82.0,78,82,2.25,20.3393,0.9453999999999999
Shea Weber 2014,Shea Weber,2014,D,28.132,76,230,78.0,82.0,78.0,82,79,-1.0,20.2972,0.9853000000000001
Shea Weber 2015,Shea Weber,2015,D,29.132,76,230,82.0,78.0,82.0,79,78,-2.25,21.1586,1.0768
Shea Weber 2016,Shea Weber,2016,D,30.131,76,230,78.0,82.0,79.0,78,78,-1.25,20.8252,1.0712000000000002
Shea Weber 2017,Shea Weber,2017,D,31.133,76,230,82.0,79.0,78.0,78,78,-1.25,19.4833,0.9476
Niklas Hjalmarsson 2013,Niklas Hjalmarsson,2013,D,25.323,75,197,21.0,77.0,80.0,69,78,16.25,17.7002,0.6877
Niklas Hjalmarsson 2014,Niklas Hjalmarsson,2014,D,26.322,75,197,77.0,80.0,69.0,78,81,5.0,18.1072,0.7203999999999999
Niklas Hjalmarsson 2015,Niklas Hjalmarsson,2015,D,27.322,75,197,80.0,69.0,78.0,81,82,5.0,18.3267,0.8892
Niklas Hjalmarsson 2016,Niklas Hjalmarsson,2016,D,28.321,75,197,69.0,78.0,81.0,82,81,3.5,19.336,0.7190000000000001
Niklas Hjalmarsson 2017,Niklas Hjalmarsson,2017,D,29.323,75,197,78.0,81.0,82.0,81,73,-7.5,19.384,0.7261
Carl Gunnarsson 2014,Carl Gunnarsson,2014,D,26.895,74,198,43.0,68.0,76.0,63,80,17.5,17.8725,1.361
Carl Gunnarsson 2015,Carl Gunnarsson,2015,D,27.894,74,198,68.0,76.0,63.0,80,61,-10.75,16.2323,0.7392000000000001
Carl Gunnarsson 2016,Carl Gunnarsson,2016,D,28.893,74,198,76.0,63.0,80.0,61,72,2.0,16.5366,0.6543
Carl Gunnarsson 2017,Carl Gunnarsson,2017,D,29.895,74,198,63.0,80.0,61.0,72,56,-13.0,15.2479,0.4372
Jake Gardiner 2017,Jake Gardiner,2017,D,26.246,74,203,20.0,80.0,79.0,79,82,17.5,17.942,0.762
Jake Gardiner 2018,Jake Gardiner,2018,D,27.245,74,203,80.0,79.0,79.0,82,82,2.0,18.6488,1.1771
Jake Gardiner 2019,Jake Gardiner,2019,D,28.244,74,203,79.0,79.0,82.0,82,62,-18.5,20.0787,1.3484
Jake Gardiner 2020,Jake Gardiner,2020,D,29.244,74,203,79.0,82.0,82.0,62,80,3.75,19.2331,1.2579
Sami Vatanen 2018,Sami Vatanen,2018,D,26.331,70,185,48.0,67.0,71.0,71,72,7.75,16.6878,0.5063
Sami Vatanen 2019,Sami Vatanen,2019,D,27.33,70,185,67.0,71.0,71.0,72,50,-20.25,18.1197,0.8278000000000001
Ron Hainsey 2011,Ron Hainsey,2011,D,29.523,75,201,,78.0,81.0,80,82,2.3333333333333286,17.1169,0.8324999999999999
Ron Hainsey 2012,Ron Hainsey,2012,D,30.522,75,201,78.0,81.0,80.0,82,56,-24.25,15.7996,0.7873
Ron Hainsey 2016,Ron Hainsey,2016,D,34.523,75,201,56.0,80.0,82.0,81,81,6.25,18.7687,0.3552
Ron Hainsey 2017,Ron Hainsey,2017,D,35.525,75,201,80.0,82.0,81.0,81,72,-9.0,19.3438,0.7276
Ron Hainsey 2018,Ron Hainsey,2018,D,36.524,75,201,82.0,81.0,81.0,72,80,1.0,18.8039,0.6205
Ron Hainsey 2019,Ron Hainsey,2019,D,37.523,75,201,81.0,81.0,72.0,80,81,2.5,17.7052,0.8472
Ron Hainsey 2020,Ron Hainsey,2020,D,38.523,75,201,81.0,72.0,80.0,81,75,-3.5,17.3741,0.9379000000000001
Deryk Engelland 2014,Deryk Engelland,2014,D,31.497,74,212,9.0,63.0,73.0,71,56,2.0,12.9766,0.6606000000000001
Deryk Engelland 2018,Deryk Engelland,2018,D,35.497,74,212,56.0,76.0,69.0,81,79,8.5,15.0735,0.7864
Deryk Engelland 2019,Deryk Engelland,2019,D,36.497,74,212,76.0,69.0,81.0,79,74,-2.25,17.2055,1.0152999999999999
Deryk Engelland 2020,Deryk Engelland,2020,D,37.496,74,212,69.0,81.0,79.0,74,57,-18.75,16.6052,0.586
Dan Hamhuis 2011,Dan Hamhuis,2011,D,27.801,73,204,,80.0,82.0,78,64,-16.0,18.1487,0.9748000000000001
Dan Hamhuis 2012,Dan Hamhuis,2012,D,28.8,73,204,80.0,82.0,78.0,64,82,6.0,17.9164,0.8371999999999999
Dan Hamhuis 2013,Dan Hamhuis,2013,D,29.802,73,204,82.0,78.0,64.0,82,80,3.5,18.6067,0.9438
Dan Hamhuis 2014,Dan Hamhuis,2014,D,30.802,73,204,78.0,64.0,82.0,80,79,3.0,18.1028,1.1989
Dan Hamhuis 2015,Dan Hamhuis,2015,D,31.801,73,204,64.0,82.0,80.0,79,59,-17.25,18.9563,0.7613
Trevor Daley 2011,Trevor Daley,2011,D,26.98,71,199,,82.0,75.0,77,82,4.0,18.1825,0.6857
Trevor Daley 2012,Trevor Daley,2012,D,27.979,71,199,82.0,75.0,77.0,82,79,0.0,18.6512,0.8238
Trevor Daley 2013,Trevor Daley,2013,D,28.981,71,199,75.0,77.0,82.0,79,75,-3.25,16.9878,0.8495
Trevor Daley 2014,Trevor Daley,2014,D,29.98,71,199,77.0,82.0,79.0,75,67,-11.25,16.592,0.7397
Trevor Daley 2015,Trevor Daley,2015,D,30.98,71,199,82.0,79.0,75.0,67,68,-7.75,17.5266,1.0731
Trevor Daley 2016,Trevor Daley,2016,D,31.979,71,199,79.0,75.0,67.0,68,82,9.75,17.2164,1.23
Trevor Daley 2017,Trevor Daley,2017,D,32.981,71,199,75.0,67.0,68.0,82,56,-17.0,15.9175,0.8733
Jay Bouwmeester 2011,Jay Bouwmeester,2011,D,27.012,76,206,,82.0,82.0,82,82,0.0,19.239,0.5705
Jay Bouwmeester 2012,Jay Bouwmeester,2012,D,28.012,76,206,82.0,82.0,82.0,82,82,0.0,19.8472,0.5899000000000001
Jay Bouwmeester 2013,Jay Bouwmeester,2013,D,29.014,76,206,82.0,82.0,82.0,82,80,-2.0,20.4522,0.6798
Jay Bouwmeester 2014,Jay Bouwmeester,2014,D,30.013,76,206,82.0,82.0,82.0,80,82,0.5,19.9621,0.8313999999999999
Jay Bouwmeester 2015,Jay Bouwmeester,2015,D,31.012,76,206,82.0,82.0,80.0,82,72,-9.5,18.6573,1.0197
Jay Bouwmeester 2016,Jay Bouwmeester,2016,D,32.012,76,206,82.0,80.0,82.0,72,72,-7.0,18.6065,0.4031
Jay Bouwmeester 2017,Jay Bouwmeester,2017,D,33.014,76,206,80.0,82.0,72.0,72,81,4.5,19.2081,0.7376
Johnny Boychuk 2014,Johnny Boychuk,2014,D,29.701,74,227,51.0,69.0,77.0,75,75,7.0,17.678,0.4628
Johnny Boychuk 2015,Johnny Boychuk,2015,D,30.7,74,227,69.0,77.0,75.0,75,72,-2.0,17.9231,0.8927
Johnny Boychuk 2016,Johnny Boychuk,2016,D,31.7,74,227,77.0,75.0,75.0,72,70,-4.75,16.9616,0.9334
Johnny Boychuk 2017,Johnny Boychuk,2017,D,32.702,74,227,75.0,75.0,72.0,70,66,-7.0,18.0429,0.95
Johnny Boychuk 2018,Johnny Boychuk,2018,D,33.701,74,227,75.0,72.0,70.0,66,58,-12.75,16.854,0.9169999999999999
Jonathan Ericsson 2013,Jonathan Ericsson,2013,D,28.584,76,218,19.0,62.0,74.0,69,76,20.0,14.9498,0.6397999999999999
Brent Seabrook 2011,Brent Seabrook,2011,D,25.449,75,220,,82.0,82.0,78,82,1.3333333333333286,18.6378,0.9080999999999999
Brent Seabrook 2012,Brent Seabrook,2012,D,26.448,75,220,82.0,82.0,78.0,82,78,-3.0,18.9888,1.0018
Brent Seabrook 2013,Brent Seabrook,2013,D,27.45,75,220,82.0,78.0,82.0,78,80,0.0,19.9607,1.1177
Brent Seabrook 2014,Brent Seabrook,2014,D,28.45,75,220,78.0,82.0,78.0,80,82,2.5,17.5216,0.9472
Brent Seabrook 2015,Brent Seabrook,2015,D,29.449,75,220,82.0,78.0,80.0,82,82,1.5,18.288,1.2403
Brent Seabrook 2016,Brent Seabrook,2016,D,30.448,75,220,78.0,80.0,82.0,82,81,0.5,17.9252,0.6123000000000001
Brent Seabrook 2017,Brent Seabrook,2017,D,31.451,75,220,80.0,82.0,82.0,81,79,-2.25,18.1654,0.9785999999999999
Brent Seabrook 2018,Brent Seabrook,2018,D,32.45,75,220,82.0,82.0,81.0,79,81,0.0,17.311,1.0969
Brent Seabrook 2019,Brent Seabrook,2019,D,33.449,75,220,82.0,81.0,79.0,81,78,-2.75,15.9539,0.8358000000000001
Mike Green 2017,Mike Green,2017,D,30.971,73,210,59.0,70.0,72.0,74,72,3.25,16.8586,0.7215
Mike Green 2018,Mike Green,2018,D,31.971,73,210,70.0,72.0,74.0,72,66,-6.0,20.2488,1.0699999999999998
Roman Polak 2015,Roman Polak,2015,D,28.428,74,240,55.0,77.0,82.0,72,56,-15.5,15.0069,0.7219
Matt Niskanen 2011,Matt Niskanen,2011,D,23.82,73,203,,78.0,80.0,74,63,-14.333333333333329,15.1072,0.483
Matt Niskanen 2012,Matt Niskanen,2012,D,24.819,73,203,78.0,80.0,74.0,63,75,1.25,14.246,0.33440000000000003
Matt Niskanen 2013,Matt Niskanen,2013,D,25.821,73,203,80.0,74.0,63.0,75,68,-5.0,15.2018,0.6840999999999999
Matt Niskanen 2014,Matt Niskanen,2014,D,26.821,73,203,74.0,63.0,75.0,68,81,11.0,17.1871,1.0473000000000001
Matt Niskanen 2015,Matt Niskanen,2015,D,27.82,73,203,63.0,75.0,68.0,81,82,10.25,17.5784,1.3063
Matt Niskanen 2016,Matt Niskanen,2016,D,28.819,73,203,75.0,68.0,81.0,82,82,5.5,18.9904,0.7707
Matt Niskanen 2017,Matt Niskanen,2017,D,29.821,73,203,68.0,81.0,82.0,82,78,-0.25,19.3697,0.6044
Matt Niskanen 2018,Matt Niskanen,2018,D,30.821,73,203,81.0,82.0,82.0,78,68,-12.75,17.7489,1.2569
Matt Niskanen 2019,Matt Niskanen,2019,D,31.82,73,203,82.0,82.0,78.0,68,80,2.5,19.3466,1.2771
Matt Niskanen 2020,Matt Niskanen,2020,D,32.82,73,203,82.0,78.0,68.0,80,80,3.0,18.5825,0.8878999999999999
Karl Alzner 2014,Karl Alzner,2014,D,25.019,75,213,21.0,82.0,82.0,82,82,15.25,18.2667,0.3421
Karl Alzner 2015,Karl Alzner,2015,D,26.019,75,213,82.0,82.0,82.0,82,82,0.0,16.8815,0.6502
Karl Alzner 2016,Karl Alzner,2016,D,27.018,75,213,82.0,82.0,82.0,82,82,0.0,17.2228,0.8921000000000001
Karl Alzner 2017,Karl Alzner,2017,D,28.02,75,213,82.0,82.0,82.0,82,82,0.0,18.4669,0.8321000000000001
Karl Alzner 2018,Karl Alzner,2018,D,29.019,75,213,82.0,82.0,82.0,82,82,0.0,16.6858,0.5702
Oscar Klefbom 2020,Oscar Klefbom,2020,D,26.199,75,216,30.0,82.0,66.0,61,73,13.25,19.5202,0.8566
Brooks Orpik 2011,Brooks Orpik,2011,D,30.013,75,217,,78.0,79.0,73,63,-13.666666666666671,17.0845,1.1065
Brooks Orpik 2012,Brooks Orpik,2012,D,31.012,75,217,78.0,79.0,73.0,63,73,-0.25,17.0421,0.5589
Brooks Orpik 2013,Brooks Orpik,2013,D,32.015,75,217,79.0,73.0,63.0,73,78,6.0,19.0884,0.732
Brooks Orpik 2014,Brooks Orpik,2014,D,33.014,75,217,73.0,63.0,73.0,78,72,0.25,18.9105,0.5518
Brooks Orpik 2015,Brooks Orpik,2015,D,34.013,75,217,63.0,73.0,78.0,72,78,6.5,18.1204,0.5979
Niklas Kronwall 2014,Niklas Kronwall,2014,D,32.718,72,194,48.0,77.0,82.0,82,79,6.75,18.0111,0.9021999999999999
Niklas Kronwall 2015,Niklas Kronwall,2015,D,33.718,72,194,77.0,82.0,82.0,79,80,0.0,17.8591,0.9781
Niklas Kronwall 2016,Niklas Kronwall,2016,D,34.717,72,194,82.0,82.0,79.0,80,64,-16.75,17.7508,0.8873
Niklas Kronwall 2017,Niklas Kronwall,2017,D,35.719,72,194,82.0,79.0,80.0,64,57,-19.25,16.9091,0.6653
Dion Phaneuf 2011,Dion Phaneuf,2011,D,25.476,75,222,,82.0,80.0,81,66,-15.0,18.3512,0.6459
Dion Phaneuf 2012,Dion Phaneuf,2012,D,26.476,75,222,82.0,80.0,81.0,66,82,4.75,19.375,0.7977000000000001
Dion Phaneuf 2013,Dion Phaneuf,2013,D,27.478,75,222,80.0,81.0,66.0,82,82,4.75,19.2331,0.799
Dion Phaneuf 2014,Dion Phaneuf,2014,D,28.477,75,222,81.0,66.0,82.0,82,80,2.25,18.5927,0.8068
Dion Phaneuf 2015,Dion Phaneuf,2015,D,29.477,75,222,66.0,82.0,82.0,80,70,-7.5,17.4346,0.8173000000000001
Dion Phaneuf 2016,Dion Phaneuf,2016,D,30.476,75,222,82.0,82.0,80.0,70,71,-7.5,17.3964,0.6405
Dion Phaneuf 2017,Dion Phaneuf,2017,D,31.478,75,222,82.0,80.0,70.0,71,81,5.25,17.6589,1.0050000000000001
Dion Phaneuf 2018,Dion Phaneuf,2018,D,32.477,75,222,80.0,70.0,71.0,81,79,3.5,18.0128,0.5346
Dion Phaneuf 2019,Dion Phaneuf,2019,D,33.477,75,222,70.0,71.0,81.0,79,67,-8.25,16.5046,0.6901999999999999
Dustin Byfuglien 2011,Dustin Byfuglien,2011,D,25.515,77,260,,67.0,77.0,82,81,5.666666666666671,13.5665,1.2405
Dustin Byfuglien 2012,Dustin Byfuglien,2012,D,26.514,77,260,67.0,77.0,82.0,81,66,-10.75,19.1704,1.1206
Dustin Byfuglien 2013,Dustin Byfuglien,2013,D,27.516,77,260,77.0,82.0,81.0,66,73,-3.5,20.1465,1.4891
Dustin Byfuglien 2014,Dustin Byfuglien,2014,D,28.515,77,260,82.0,81.0,66.0,73,78,2.5,20.2655,1.2393
Dustin Byfuglien 2015,Dustin Byfuglien,2015,D,29.515,77,260,81.0,66.0,73.0,78,69,-5.5,17.9934,1.2825
Dustin Byfuglien 2016,Dustin Byfuglien,2016,D,30.514,77,260,66.0,73.0,78.0,69,81,9.5,17.6246,1.3321
Dustin Byfuglien 2017,Dustin Byfuglien,2017,D,31.516,77,260,73.0,78.0,69.0,81,80,4.75,19.8035,1.3092000000000001
Dustin Byfuglien 2018,Dustin Byfuglien,2018,D,32.516,77,260,78.0,69.0,81.0,80,69,-8.0,21.8077,1.2381
Dan Girardi 2011,Dan Girardi,2011,D,26.424,73,212,,82.0,82.0,82,80,-2.0,17.6193,0.7891
Dan Girardi 2012,Dan Girardi,2012,D,27.423,73,212,82.0,82.0,82.0,80,82,0.5,19.3277,0.8537
Dan Girardi 2013,Dan Girardi,2013,D,28.425,73,212,82.0,82.0,80.0,82,78,-3.5,21.1854,0.6216999999999999
Dan Girardi 2014,Dan Girardi,2014,D,29.424,73,212,82.0,80.0,82.0,78,81,0.5,20.2167,0.7741
Dan Girardi 2015,Dan Girardi,2015,D,30.424,73,212,80.0,82.0,78.0,81,82,1.75,18.7753,0.7496
Dan Girardi 2016,Dan Girardi,2016,D,31.423,73,212,82.0,78.0,81.0,82,74,-6.75,18.4217,0.6356
Dan Girardi 2017,Dan Girardi,2017,D,32.425,73,212,78.0,81.0,82.0,74,63,-15.75,17.4732,0.7424
Dan Girardi 2018,Dan Girardi,2018,D,33.425,73,212,81.0,82.0,74.0,63,77,2.0,16.8108,0.7364999999999999
Dan Girardi 2019,Dan Girardi,2019,D,34.424,73,212,82.0,74.0,63.0,77,62,-12.0,14.8411,0.8400000000000001
Andrew MacDonald 2014,Andrew MacDonald,2014,D,27.067,73,204,46.0,60.0,75.0,82,82,16.25,19.1667,0.5869
Andrew MacDonald 2015,Andrew MacDonald,2015,D,28.066,73,204,60.0,75.0,82.0,82,58,-16.75,19.3541,0.6049
Ben Lovejoy 2017,Ben Lovejoy,2017,D,32.614,73,205,59.0,78.0,60.0,66,82,16.25,16.3053,0.5018
Ben Lovejoy 2018,Ben Lovejoy,2018,D,33.614,73,205,78.0,60.0,66.0,82,57,-14.5,17.3748,0.2948
Jason Garrison 2014,Jason Garrison,2014,D,28.882,73,218,39.0,73.0,77.0,80,81,13.75,17.0794,0.7474
Jason Garrison 2015,Jason Garrison,2015,D,29.882,73,218,73.0,77.0,80.0,81,70,-7.75,16.6428,0.6676
Jason Garrison 2016,Jason Garrison,2016,D,30.881,73,218,77.0,80.0,81.0,70,72,-5.0,16.099,1.0116
Jason Garrison 2017,Jason Garrison,2017,D,31.883,73,218,80.0,81.0,70.0,72,70,-5.75,15.9479,0.5749
Francois Beauchemin 2013,Francois Beauchemin,2013,D,32.327,71,208,20.0,82.0,81.0,82,82,15.75,19.847,0.5899
Francois Beauchemin 2014,Francois Beauchemin,2014,D,33.326,71,208,82.0,81.0,82.0,82,70,-11.75,18.0472,1.1082
Francois Beauchemin 2015,Francois Beauchemin,2015,D,34.325,71,208,81.0,82.0,82.0,70,64,-14.75,18.1457,0.614
Francois Beauchemin 2016,Francois Beauchemin,2016,D,35.325,71,208,82.0,82.0,70.0,64,82,7.5,18.9906,0.938
Francois Beauchemin 2017,Francois Beauchemin,2017,D,36.327,71,208,82.0,70.0,64.0,82,81,6.5,19.4496,0.79
Francois Beauchemin 2018,Francois Beauchemin,2018,D,37.326,71,208,70.0,64.0,82.0,81,67,-7.25,17.4134,0.6380999999999999
Mark Streit 2015,Mark Streit,2015,D,36.806,71,186,,82.0,82.0,82,81,-1.0,17.5711,1.2077
Mark Streit 2016,Mark Streit,2016,D,37.805,71,186,82.0,82.0,82.0,81,62,-19.75,18.4272,0.8844
Mark Streit 2017,Mark Streit,2017,D,38.807,71,186,82.0,82.0,81.0,62,68,-8.75,17.3366,0.8374
Kevin Bieksa 2014,Kevin Bieksa,2014,D,32.294,73,197,55.0,66.0,78.0,61,76,11.0,17.8218,0.8417
Kevin Bieksa 2015,Kevin Bieksa,2015,D,33.293,73,197,66.0,78.0,61.0,76,60,-10.25,18.5857,0.6796
Kevin Bieksa 2016,Kevin Bieksa,2016,D,34.293,73,197,78.0,61.0,76.0,60,71,2.25,17.4972,0.6858
Kevin Bieksa 2017,Kevin Bieksa,2017,D,35.295,73,197,61.0,76.0,60.0,71,81,14.0,17.4455,0.436
Kevin Bieksa 2018,Kevin Bieksa,2018,D,36.294,73,197,76.0,60.0,71.0,81,59,-13.0,16.127,0.5053
Dennis Seidenberg 2012,Dennis Seidenberg,2012,D,30.205,72,199,47.0,70.0,79.0,81,80,10.75,19.0811,0.8151999999999999
Dennis Seidenberg 2013,Dennis Seidenberg,2013,D,31.207,72,199,70.0,79.0,81.0,80,78,0.5,18.8079,0.5184
Johnny Oduya 2011,Johnny Oduya,2011,D,29.0,72,191,,75.0,82.0,67,82,7.333333333333329,17.3973,0.6177
Johnny Oduya 2012,Johnny Oduya,2012,D,29.999,72,191,75.0,82.0,67.0,82,81,4.5,16.8144,0.5657
Johnny Oduya 2013,Johnny Oduya,2013,D,31.002,72,191,82.0,67.0,82.0,81,82,4.0,17.4889,0.7624
Johnny Oduya 2014,Johnny Oduya,2014,D,32.001,72,191,67.0,82.0,81.0,82,77,-1.0,17.6,0.7101999999999999
Johnny Oduya 2015,Johnny Oduya,2015,D,33.0,72,191,82.0,81.0,82.0,77,76,-4.5,17.79,0.657
Johnny Oduya 2016,Johnny Oduya,2016,D,34.0,72,191,81.0,82.0,77.0,76,82,3.0,18.4261,0.4284
Johnny Oduya 2017,Johnny Oduya,2017,D,35.002,72,191,82.0,77.0,76.0,82,52,-27.25,17.4445,0.7968999999999999
Kyle Quincey 2015,Kyle Quincey,2015,D,29.137,74,210,21.0,72.0,61.0,82,73,14.0,18.0376,0.5274
Toby Enstrom 2011,Toby Enstrom,2011,D,25.904,70,180,,82.0,82.0,82,72,-10.0,17.2659,1.2713
Toby Enstrom 2012,Toby Enstrom,2012,D,26.903,70,180,82.0,82.0,82.0,72,62,-17.5,18.359,0.9985999999999999
Toby Enstrom 2017,Toby Enstrom,2017,D,31.905,70,180,37.0,82.0,60.0,72,60,-2.75,17.9405,0.6967
Alexei Emelin 2018,Alexei Emelin,2018,D,31.437,74,218,59.0,68.0,72.0,76,76,7.25,18.6796,0.4226
Cody Franson 2016,Cody Franson,2016,D,28.149,77,224,57.0,76.0,79.0,78,59,-13.5,15.4774,0.9442999999999999
Michal Rozsival 2011,Michal Rozsival,2011,D,32.078,73,210,,80.0,76.0,82,65,-14.333333333333329,17.6254,0.7473
Michal Rozsival 2012,Michal Rozsival,2012,D,33.077,73,210,80.0,76.0,82.0,65,54,-21.75,17.1113,0.7012999999999999
Brian Campbell 2011,Brian Campbell,2011,D,31.36,70,192,,83.0,82.0,68,65,-12.666666666666671,19.6076,1.17
Brian Campbell 2012,Brian Campbell,2012,D,32.36,70,192,83.0,82.0,68.0,65,82,7.5,19.189,1.0101
Brian Campbell 2013,Brian Campbell,2013,D,33.362,70,192,82.0,68.0,65.0,82,82,7.75,21.4419,0.7507999999999999
Brian Campbell 2014,Brian Campbell,2014,D,34.361,70,192,68.0,65.0,82.0,82,82,7.75,20.6052,0.6067
Brian Campbell 2015,Brian Campbell,2015,D,35.36,70,192,65.0,82.0,82.0,82,82,4.25,21.1098,0.7972
Brian Campbell 2016,Brian Campbell,2016,D,36.36,70,192,82.0,82.0,82.0,82,82,0.0,19.1587,0.5729
Brian Campbell 2017,Brian Campbell,2017,D,37.362,70,192,82.0,82.0,82.0,82,80,-2.0,17.9683,0.8958999999999999
Andrei Markov 2016,Andrei Markov,2016,D,36.781,72,200,13.0,82.0,81.0,81,82,17.75,19.1588,0.9279000000000001
Andrei Markov 2017,Andrei Markov,2017,D,37.783,72,200,82.0,81.0,81.0,82,62,-19.5,18.0941,1.0918
Nick Schultz 2011,Nick Schultz,2011,D,28.102,73,203,,81.0,79.0,80,74,-6.0,17.3596,0.6479999999999999
Nick Schultz 2012,Nick Schultz,2012,D,29.101,73,203,81.0,79.0,80.0,74,82,3.5,17.2115,0.7066
Nick Schultz 2013,Nick Schultz,2013,D,30.103,73,203,79.0,80.0,74.0,82,82,3.25,16.9222,0.2594
Nick Schultz 2014,Nick Schultz,2014,D,31.103,73,203,80.0,74.0,82.0,82,69,-10.5,16.024,0.702
Nick Schultz 2015,Nick Schultz,2015,D,32.102,73,203,74.0,82.0,82.0,69,80,3.25,14.1007,0.2466
Nick Schultz 2016,Nick Schultz,2016,D,33.102,73,203,82.0,82.0,69.0,80,81,2.75,16.1448,0.6504000000000001
Fedor Tyutin 2011,Fedor Tyutin,2011,D,27.204,74,221,,82.0,82.0,80,80,-1.3333333333333286,17.1669,0.6116999999999999
Fedor Tyutin 2012,Fedor Tyutin,2012,D,28.203,74,221,82.0,82.0,80.0,80,66,-15.0,17.0162,0.6612
Fedor Tyutin 2013,Fedor Tyutin,2013,D,29.205,74,221,82.0,80.0,80.0,66,82,5.0,17.9821,0.6572
Fedor Tyutin 2014,Fedor Tyutin,2014,D,30.205,74,221,80.0,80.0,66.0,82,69,-8.0,18.7549,1.0663
Fedor Tyutin 2015,Fedor Tyutin,2015,D,31.204,74,221,80.0,66.0,82.0,69,67,-7.25,17.0401,0.7654000000000001
Fedor Tyutin 2016,Fedor Tyutin,2016,D,32.203,74,221,66.0,82.0,69.0,67,61,-10.0,16.7507,0.6416
Fedor Tyutin 2017,Fedor Tyutin,2017,D,33.206,74,221,82.0,69.0,67.0,61,69,-0.75,15.4484,0.191
Zbynek Michalek 2011,Zbynek Michalek,2011,D,27.774,74,210,,75.0,82.0,72,73,-3.3333333333333286,17.8889,0.5124
Zbynek Michalek 2012,Zbynek Michalek,2012,D,28.773,74,210,75.0,82.0,72.0,73,62,-13.5,16.868,0.7309
Zbynek Michalek 2013,Zbynek Michalek,2013,D,29.775,74,210,82.0,72.0,73.0,62,58,-14.25,17.7355,0.6002000000000001
Dennis Wideman 2011,Dennis Wideman,2011,D,27.535,72,202,,81.0,79.0,76,75,-3.6666666666666714,18.4833,0.6407
Dennis Wideman 2012,Dennis Wideman,2012,D,28.535,72,202,81.0,79.0,76.0,75,82,4.25,17.4758,0.824
Dennis Wideman 2013,Dennis Wideman,2013,D,29.537,72,202,79.0,76.0,75.0,82,78,0.0,18.6795,0.9793000000000001
Tom Gilbert 2011,Tom Gilbert,2011,D,27.724,74,210,,82.0,82.0,82,79,-3.0,16.7476,0.8737999999999999
Tom Gilbert 2012,Tom Gilbert,2012,D,28.724,74,210,82.0,82.0,82.0,79,67,-14.25,18.1403,0.5861
Tom Gilbert 2013,Tom Gilbert,2013,D,29.726,74,210,82.0,82.0,79.0,67,73,-4.5,18.4988,0.7746
Tom Gilbert 2014,Tom Gilbert,2014,D,30.725,74,210,82.0,79.0,67.0,73,73,-2.25,16.1267,0.7786
Tom Gilbert 2015,Tom Gilbert,2015,D,31.724,74,210,79.0,67.0,73.0,73,72,-1.0,18.2495,0.9908
Matt Greene 2012,Matt Greene,2012,D,28.387,75,236,46.0,82.0,75.0,71,82,13.5,14.2845,0.6508
Mark Stuart 2015,Mark Stuart,2015,D,30.429,74,215,54.0,80.0,71.0,69,70,1.5,15.5454,0.7272000000000001
Mark Stuart 2016,Mark Stuart,2016,D,31.429,74,215,80.0,71.0,69.0,70,64,-8.5,15.8971,0.647
Kevin Klein 2012,Kevin Klein,2012,D,26.799,73,206,13.0,63.0,81.0,81,66,6.5,17.372,0.7249
Kevin Klein 2013,Kevin Klein,2013,D,27.801,73,206,63.0,81.0,81.0,66,80,7.25,17.3068,0.9981
Kevin Klein 2014,Kevin Klein,2014,D,28.8,73,206,81.0,81.0,66.0,80,77,0.0,17.5163,1.0203
Kevin Klein 2015,Kevin Klein,2015,D,29.8,73,206,81.0,66.0,80.0,77,65,-11.0,15.6613,0.4478
Kevin Klein 2016,Kevin Klein,2016,D,30.799,73,206,66.0,80.0,77.0,65,69,-3.0,16.5862,1.447
Kevin Klein 2017,Kevin Klein,2017,D,31.801,73,206,80.0,77.0,65.0,69,60,-12.75,17.7894,1.222
Matt Carle 2011,Matt Carle,2011,D,26.016,72,197,,62.0,76.0,80,82,9.333333333333329,18.9275,0.8321
Matt Carle 2012,Matt Carle,2012,D,27.015,72,197,62.0,76.0,80.0,82,82,7.0,18.4693,1.5053999999999998
Matt Carle 2013,Matt Carle,2013,D,28.017,72,197,76.0,80.0,82.0,82,82,2.0,18.5939,1.0232
Matt Carle 2014,Matt Carle,2014,D,29.017,72,197,80.0,82.0,82.0,82,82,0.5,18.5646,1.1447
Matt Carle 2015,Matt Carle,2015,D,30.016,72,197,82.0,82.0,82.0,82,59,-23.0,18.4018,0.9543
Clayton Stoner 2016,Clayton Stoner,2016,D,30.613,76,216,51.0,82.0,63.0,69,50,-16.25,15.6911,0.4433
Nicklas Grossmann 2011,Nicklas Grossmann,2011,D,25.69,76,230,,62.0,81.0,71,59,-12.333333333333329,16.9279,0.2996
Jamie McBain 2014,Jamie McBain,2014,D,25.6,73,195,14.0,76.0,76.0,68,69,10.5,16.2354,0.7392
Andrew Ference 2014,Andrew Ference,2014,D,34.544,71,182,51.0,70.0,72.0,82,71,2.25,17.0563,0.8793000000000001
Andrew Ference 2015,Andrew Ference,2015,D,35.544,71,182,70.0,72.0,82.0,71,70,-3.75,17.7908,0.76
Dan Boyle 2012,Dan Boyle,2012,D,35.221,71,194,37.0,77.0,76.0,76,81,14.5,19.6829,0.9225
Dan Boyle 2013,Dan Boyle,2013,D,36.223,71,194,77.0,76.0,76.0,81,78,0.5,20.1237,1.1412
Dan Boyle 2014,Dan Boyle,2014,D,37.222,71,194,76.0,76.0,81.0,78,75,-2.75,18.2272,0.4293
Dan Boyle 2015,Dan Boyle,2015,D,38.221,71,194,76.0,81.0,78.0,75,65,-12.5,17.3729,0.8289
Dan Boyle 2016,Dan Boyle,2016,D,39.221,71,194,81.0,78.0,75.0,65,74,-0.75,16.741,0.6616
Brad Stuart 2011,Brad Stuart,2011,D,30.903,74,215,,72.0,67.0,82,67,-6.666666666666671,18.6417,0.6674
Brad Stuart 2012,Brad Stuart,2012,D,31.902,74,215,72.0,67.0,82.0,67,81,9.0,17.3913,0.8754
Brad Stuart 2013,Brad Stuart,2013,D,32.904,74,215,67.0,82.0,67.0,81,82,7.75,17.5776,0.8007
Brad Stuart 2014,Brad Stuart,2014,D,33.904,74,215,82.0,67.0,81.0,82,61,-17.0,17.6573,0.354
Brad Stuart 2015,Brad Stuart,2015,D,34.903,74,215,67.0,81.0,82.0,61,65,-7.75,17.0041,0.6363
Rob Scuderi 2011,Rob Scuderi,2011,D,31.754,73,216,,71.0,81.0,73,82,7.0,16.6132,0.5442
Rob Scuderi 2012,Rob Scuderi,2012,D,32.754,73,216,71.0,81.0,73.0,82,82,5.25,17.447,0.6291
Rob Scuderi 2013,Rob Scuderi,2013,D,33.756,73,216,81.0,73.0,82.0,82,82,2.5,17.8309,0.3693
Rob Scuderi 2014,Rob Scuderi,2014,D,34.755,73,216,73.0,82.0,82.0,82,53,-26.75,18.4139,0.7468
Barret Jackman 2011,Barret Jackman,2011,D,29.575,72,203,,78.0,82.0,66,60,-15.333333333333329,18.65,0.7799
Barret Jackman 2012,Barret Jackman,2012,D,30.574,72,203,78.0,82.0,66.0,60,81,9.5,17.8847,0.5591
Barret Jackman 2013,Barret Jackman,2013,D,31.576,72,203,82.0,66.0,60.0,81,78,5.75,17.1455,0.5616
Barret Jackman 2014,Barret Jackman,2014,D,32.576,72,203,66.0,60.0,81.0,78,79,7.75,16.5051,0.9484
Barret Jackman 2015,Barret Jackman,2015,D,33.575,72,203,60.0,81.0,78.0,79,80,5.5,15.5751,0.7314
Barret Jackman 2016,Barret Jackman,2016,D,34.575,72,203,81.0,78.0,79.0,80,73,-6.5,14.5417,0.7222
Carlo Colaiacovo 2012,Carlo Colaiacovo,2012,D,28.677,73,202,28.0,73.0,67.0,65,64,5.75,15.0246,0.9216
Christian Ehrhoff 2011,Christian Ehrhoff,2011,D,28.239,74,201,,77.0,77.0,80,79,1.0,17.605,0.8946000000000001
Christian Ehrhoff 2012,Christian Ehrhoff,2012,D,29.238,74,201,77.0,77.0,80.0,79,66,-12.25,18.2565,0.8735999999999999
Christian Ehrhoff 2013,Christian Ehrhoff,2013,D,30.24,74,201,77.0,80.0,79.0,66,80,4.5,18.749,0.9212
Christian Ehrhoff 2014,Christian Ehrhoff,2014,D,31.24,74,201,80.0,79.0,66.0,80,79,2.75,19.6043,0.8466
Marek Zidlicky 2015,Marek Zidlicky,2015,D,37.657,71,190,46.0,63.0,82.0,81,84,16.0,18.4689,0.8824000000000001
Marek Zidlicky 2016,Marek Zidlicky,2016,D,38.657,71,190,63.0,82.0,81.0,84,53,-24.5,18.1681,0.5504
Ladislav Smid 2014,Ladislav Smid,2014,D,27.664,76,210,51.0,78.0,78.0,82,73,0.75,17.024,0.2203
Jeff Schultz 2011,Jeff Schultz,2011,D,24.598,78,225,,72.0,64.0,73,72,2.3333333333333286,17.01,1.1114
Jeff Schultz 2012,Jeff Schultz,2012,D,25.597,78,225,72.0,64.0,73.0,72,54,-16.25,17.0694,0.3905
Sergei Gonchar 2013,Sergei Gonchar,2013,D,38.471,74,210,25.0,62.0,67.0,74,76,19.0,17.3176,1.0299999999999998
Sergei Gonchar 2014,Sergei Gonchar,2014,D,39.47,74,210,62.0,67.0,74.0,76,76,6.25,18.0385,1.1087
Kimmo Timonen 2011,Kimmo Timonen,2011,D,35.541,70,194,,80.0,77.0,82,82,2.3333333333333286,15.5823,0.7983
Kimmo Timonen 2012,Kimmo Timonen,2012,D,36.54,70,194,80.0,77.0,82.0,82,76,-4.25,15.7152,0.8847
Kimmo Timonen 2013,Kimmo Timonen,2013,D,37.542,70,194,77.0,82.0,82.0,76,76,-3.25,13.9355,1.2464
Kimmo Timonen 2014,Kimmo Timonen,2014,D,38.542,70,194,82.0,82.0,76.0,76,77,-2.0,15.0422,1.0637
Stephane Robidas 2011,Stephane Robidas,2011,D,33.581,71,190,,82.0,72.0,82,81,2.3333333333333286,18.2051,0.8842
Stephane Robidas 2012,Stephane Robidas,2012,D,34.58,71,190,82.0,72.0,82.0,81,75,-4.25,18.385,0.4835
Stephane Robidas 2013,Stephane Robidas,2013,D,35.582,71,190,72.0,82.0,81.0,75,82,4.5,17.2153,0.6041000000000001
Chris Phillips 2011,Chris Phillips,2011,D,32.565,75,219,,81.0,82.0,82,82,0.3333333333333286,17.8012,0.7398
Chris Phillips 2012,Chris Phillips,2012,D,33.564,75,219,81.0,82.0,82.0,82,80,-1.75,17.7986,0.3288
Chris Phillips 2013,Chris Phillips,2013,D,34.566,75,219,82.0,82.0,82.0,80,82,0.5,15.4308,0.6317999999999999
Chris Phillips 2014,Chris Phillips,2014,D,35.566,75,219,82.0,82.0,80.0,82,70,-11.5,16.383,0.9919
Eric Brewer 2014,Eric Brewer,2014,D,34.46,76,216,59.0,76.0,82.0,82,77,2.25,18.2139,0.7549
Scott Hannan 2011,Scott Hannan,2011,D,31.689,73,215,,82.0,81.0,81,78,-3.3333333333333286,18.3072,0.6069
Scott Hannan 2012,Scott Hannan,2012,D,32.688,73,215,82.0,81.0,81.0,78,78,-2.5,16.9647,0.4534
Scott Hannan 2013,Scott Hannan,2013,D,33.69,73,215,81.0,81.0,78.0,78,56,-23.5,17.3934,0.4866
Bryan Allen 2013,Bryan Allen,2013,D,32.113,77,223,2.0,74.0,72.0,82,70,12.5,16.4874,0.577
Bryan Allen 2014,Bryan Allen,2014,D,33.112,77,223,74.0,72.0,82.0,70,68,-6.5,16.7309,0.5248
Robyn Regehr 2011,Robyn Regehr,2011,D,30.451,75,222,,82.0,75.0,81,79,-0.3333333333333286,17.3603,0.5547
Robyn Regehr 2012,Robyn Regehr,2012,D,31.451,75,222,82.0,75.0,81.0,79,76,-3.25,18.0175,0.5902000000000001
Robyn Regehr 2013,Robyn Regehr,2013,D,32.453,75,222,75.0,81.0,79.0,76,70,-7.75,15.9075,0.2481
Robyn Regehr 2014,Robyn Regehr,2014,D,33.452,75,222,81.0,79.0,76.0,70,79,2.5,16.2813,0.3595
Robyn Regehr 2015,Robyn Regehr,2015,D,34.451,75,222,79.0,76.0,70.0,79,67,-9.0,16.0477,0.6626
Jordan Leopold 2012,Jordan Leopold,2012,D,31.16,73,206,43.0,83.0,81.0,71,79,9.5,18.007,1.1263
Jordan Leopold 2013,Jordan Leopold,2013,D,32.162,73,206,83.0,81.0,71.0,79,66,-12.5,18.0082,0.8014
Anton Volchenkov 2011,Anton Volchenkov,2011,D,28.598,73,220,,67.0,68.0,64,57,-9.333333333333329,17.0081,0.7166
Lubomir Visnovsky 2013,Lubomir Visnovsky,2013,D,36.141,70,192,50.0,73.0,81.0,68,59,-9.0,17.1275,0.8757999999999999
Tim Gleason 2011,Tim Gleason,2011,D,27.672,72,217,,80.0,70.0,61,82,11.666666666666671,16.0954,0.6720999999999999
Tim Gleason 2012,Tim Gleason,2012,D,28.672,72,217,80.0,70.0,61.0,82,82,8.75,17.2654,0.5934
Tim Gleason 2013,Tim Gleason,2013,D,29.674,72,217,70.0,61.0,82.0,82,71,-2.75,17.7618,0.618
Tim Gleason 2014,Tim Gleason,2014,D,30.673,72,217,61.0,82.0,82.0,71,56,-18.0,16.5294,0.6915
Jay Harrison 2014,Jay Harrison,2014,D,30.911,76,188,38.0,72.0,72.0,80,68,2.5,17.194,0.6682
Jay Harrison 2015,Jay Harrison,2015,D,31.911,76,188,72.0,72.0,80.0,68,55,-18.0,14.8627,0.5343
Keith Ballard 2011,Keith Ballard,2011,D,27.847,71,204,,82.0,82.0,82,65,-17.0,17.6921,0.7444
Jan Hejda 2011,Jan Hejda,2011,D,32.288,76,230,,81.0,82.0,62,77,2.0,16.9586,0.6848
Jan Hejda 2012,Jan Hejda,2012,D,33.288,76,230,81.0,82.0,62.0,77,81,5.5,18.1048,0.8178
Jan Hejda 2013,Jan Hejda,2013,D,34.29,76,230,82.0,62.0,77.0,81,78,2.5,17.4984,0.8044
Jan Hejda 2014,Jan Hejda,2014,D,35.289,76,230,62.0,77.0,81.0,78,78,3.5,16.7174,0.7802
Jan Hejda 2015,Jan Hejda,2015,D,36.288,76,230,77.0,81.0,78.0,78,81,2.5,19.2754,0.6784
Shane O'Brien 2011,Shane O'Brien,2011,D,27.147,75,230,,77.0,77.0,65,80,7.0,15.2736,0.42310000000000003
Shane O'Brien 2012,Shane O'Brien,2012,D,28.146,75,230,77.0,77.0,65.0,80,76,1.25,14.18,0.4761
Hal Gill 2011,Hal Gill,2011,D,35.489,79,243,,81.0,62.0,68,75,4.666666666666671,15.1189,0.5836
Hal Gill 2012,Hal Gill,2012,D,36.488,79,243,81.0,62.0,68.0,75,76,4.5,15.9636,0.4009
Hal Gill 2013,Hal Gill,2013,D,37.49,79,243,62.0,68.0,75.0,76,54,-16.25,13.6329,0.637
Ed Jovanovski 2011,Ed Jovanovski,2011,D,34.265,75,220,,80.0,82.0,66,50,-26.0,15.724,1.0407
Derek Morris 2011,Derek Morris,2011,D,32.105,72,210,,82.0,75.0,76,77,-0.6666666666666714,16.7978,0.752
Derek Morris 2012,Derek Morris,2012,D,33.104,72,210,82.0,75.0,76.0,77,59,-18.5,17.7247,0.6154
Henrik Tallinder 2011,Henrik Tallinder,2011,D,31.724,76,209,,71.0,66.0,82,82,9.0,17.3734,0.8002
Douglas Murray 2011,Douglas Murray,2011,D,30.555,75,240,,66.0,75.0,79,73,-0.3333333333333286,17.2338,0.7052
Douglas Murray 2012,Douglas Murray,2012,D,31.555,75,240,66.0,75.0,79.0,73,60,-13.25,17.1212,0.624
Douglas Murray 2013,Douglas Murray,2013,D,32.557,75,240,75.0,79.0,73.0,60,73,1.25,16.4467,0.2432
Douglas Murray 2014,Douglas Murray,2014,D,33.556,75,240,79.0,73.0,60.0,73,53,-18.25,14.7167,0.5689
Roman Hamrlik 2011,Roman Hamrlik,2011,D,36.472,74,206,,77.0,81.0,75,79,1.3333333333333286,18.7298,0.6835
Roman Hamrlik 2012,Roman Hamrlik,2012,D,37.471,74,206,77.0,81.0,75.0,79,68,-10.0,17.7538,0.8128
Adrian Aucoin 2011,Adrian Aucoin,2011,D,37.247,74,215,,76.0,81.0,82,75,-4.666666666666671,16.6388,0.7036
Adrian Aucoin 2012,Adrian Aucoin,2012,D,38.246,74,215,76.0,81.0,82.0,75,64,-14.5,17.784,0.8996999999999999
Adrian Aucoin 2013,Adrian Aucoin,2013,D,39.248,74,215,81.0,82.0,75.0,64,61,-14.5,17.5872,0.4264
Toni Lydman 2011,Toni Lydman,2011,D,33.017,74,213,,82.0,80.0,67,78,1.6666666666666714,16.1607,0.9975
Toni Lydman 2012,Toni Lydman,2012,D,34.016,74,213,82.0,80.0,67.0,78,74,-2.75,17.8299,0.9491
Toni Lydman 2013,Toni Lydman,2013,D,35.018,74,213,80.0,67.0,78.0,74,59,-15.75,15.72,0.6189
Brett Clark 2012,Brett Clark,2012,D,34.772,72,194,57.0,76.0,64.0,82,82,12.25,14.5669,0.7033
Greg Zanon 2011,Greg Zanon,2011,D,30.323,71,201,,78.0,82.0,81,82,1.6666666666666714,18.8566,0.5893
Greg Zanon 2012,Greg Zanon,2012,D,31.322,71,201,78.0,82.0,81.0,82,56,-24.75,18.3768,0.1991
Joni Pitkanen 2011,Joni Pitkanen,2011,D,27.034,75,220,,63.0,71.0,71,72,3.6666666666666714,20.85,1.0944
Ian White 2011,Ian White,2011,D,26.325,70,191,,81.0,71.0,83,78,-0.3333333333333286,19.0612,1.0998
Ian White 2012,Ian White,2012,D,27.324,70,191,81.0,71.0,83.0,78,77,-1.25,16.6919,0.9217000000000001
Bruno Gervais 2011,Bruno Gervais,2011,D,25.994,73,200,,60.0,69.0,71,53,-13.666666666666671,16.5066,0.7167999999999999
Nicklas Lidstrom 2011,Nicklas Lidstrom,2011,D,40.428,73,192,,76.0,78.0,82,82,3.3333333333333286,18.5494,1.0255999999999998
Nicklas Lidstrom 2012,Nicklas Lidstrom,2012,D,41.428,73,192,76.0,78.0,82.0,82,70,-9.5,16.7248,0.9624
Sean O'Donnell 2011,Sean O'Donnell,2011,D,38.969,74,238,,82.0,82.0,78,81,0.3333333333333286,15.5707,0.741
Sean O'Donnell 2012,Sean O'Donnell,2012,D,39.968,74,238,82.0,82.0,78.0,81,51,-29.75,13.9078,0.9054
Chris Pronger 2011,Chris Pronger,2011,D,35.976,78,188,,72.0,82.0,82,50,-28.66666666666667,18.4748,1.109
Pavel Kubina 2011,Pavel Kubina,2011,D,33.463,76,258,,72.0,82.0,76,79,2.3333333333333286,17.3833,1.2263000000000002
Pavel Kubina 2012,Pavel Kubina,2012,D,34.462,76,258,72.0,82.0,76.0,79,69,-8.25,15.8544,0.8622
Jaroslav Spacek 2011,Jaroslav Spacek,2011,D,36.636,72,210,,60.0,80.0,74,59,-12.333333333333329,18.5239,0.569
Steve Montador 2011,Steve Montador,2011,D,30.78,72,210,,73.0,78.0,78,73,-3.3333333333333286,15.8887,1.0652
Steve Montador 2012,Steve Montador,2012,D,31.779,72,210,73.0,78.0,78.0,73,52,-23.5,17.2692,1.1899000000000002
Karlis Skrastins 2011,Karlis Skrastins,2011,D,36.231,74,208,,60.0,80.0,79,74,1.0,16.212,0.609
Brian Rafalski 2011,Brian Rafalski,2011,D,37.009,70,194,,73.0,78.0,78,63,-13.333333333333329,19.3466,0.9145000000000001
Niclas Wallin 2011,Niclas Wallin,2011,D,35.612,75,220,,66.0,64.0,70,74,7.333333333333329,14.4083,0.357
Shaone Morrisonn 2011,Shaone Morrisonn,2011,D,27.774,76,210,,76.0,72.0,68,62,-10.0,15.2341,0.695
